STATUS,MATURITY,TRAIT,PLF,company,qty,year
ILOP,112,3120 EZ,1538,1E,240,2021
NEW,114,CONV,1250,1E,445,2021
NEW/ILOP,103,CONV,1650,1E,109,2021
ILOP/NEW,113,CONV,1815,1E,186,2021
ILOP/New,107,CONV,1603,1E,97,2021
NEW,115,CONV/ASR,1519,1E,455,2021
ILOP,113,CONV/ASR,1588,1E,491,2021
NEW,103,RR2,1817,1E,121,2021
NEW,117,RR2,2083,1E,1350,2021
ILOP,114,RR2,1121,1E,49,2021
ILOP,114,RR2,1221,1E,450,2021
NEW,114,SS,1251,1E,40,2021
NEW,112,SS,1606,1E,42,2021
NEW,112,SS/ASR/RHS,1811,1E,30,2021
NEW,112,TR/ASR/RHS,1806,1E,480,2021
NEW,112,VT2P,1602,1E,900,2021
ILOP/NEW,107,VT2P,1724,1E,132,2021
ILOP/NEW,112,VT2P,1605,1E,758,2021
NEW,114,VT2P/RHS,2070,1E,450,2021
NEW,108,3220 EZ,1867,39EX,508,2021
NEW,112,3220 EZ,1871,39EX,601,2021
ILOP,110,3330 EZ,1857,39EX,460,2021
NEW,108,5222 EZ,1863,39EX,1496,2021
NEW,112,5222 EZ,1869,39EX,200,2021
NEW,100,CONV,2081,39EX,361,2021
NEW,108,CONV,1587,39EX,610,2021
ILOP/NEW,113,CONV,1815,39EX,1496,2021
NEW,109,CONV,2086,39EX,1070,2021
ILOP/New,107,CONV,1603,39EX,2508,2021
ILOP,113,CONV,1607,39EX,150,2021
NEW,113,CONV/ASR,1864,39EX,435,2021
NEW,115,CONV/ASR,1519,39EX,447,2021
ILOP/NEW,110,CONV/ASR,1610,39EX,1502,2021
NEW,115,CONV/ASR,2085,39EX,400,2021
NEW,110,SS,2062,39EX,800,2021
NEW,107,SS,1621,39EX,614,2021
NEW,112,SS,1606,39EX,836,2021
NEW,118,SS,1651,39EX,400,2021
NEW,105,SS/ASR,1807,39EX,141,2021
NEW,114,SS/ASR,1810,39EX,2477,2021
NEW,112,SS/ASR/RHS,1811,39EX,2821,2021
NEW,110,SS/ASR/RHS,1862,39EX,1600,2021
NEW,110,SS/ASR/RHS,1594,39EX,1401,2021
NEW,100,SS/ASR/RHS,2080,39EX,400,2021
NEW,111,SS/ASR/RHS,2074,39EX,1863,2021
ILOP,115,SS/ASR/RHS,1808,39EX,229,2021
NEW,112,TR/ASR/RHS,1806,39EX,2012,2021
NEW,113,TRE/RHS ,2068,39EX,355,2021
NEW,111,TRE/RHS/ASR,2079,39EX,2000,2021
NEW,108,VT2P,1608,39EX,1260,2021
ILOP/NEW,107,VT2P,1724,39EX,2031,2021
ILOP/NEW,112,VT2P,1605,39EX,1400,2021
NEW,118,VT2P,1622,39EX,362,2021
NEW,110,VT2P/ASR,1516,39EX,2681,2021
NEW,99,VT2P/ASR,2071,39EX,669,2021
NEW,113,VT2P/DG,1813,39EX,656,2021
NEW,114,VT2P/DG,1345,39EX,675,2021
NEW,113,VT2P/DG/ASR,2077,39EX,3300,2021
NEW,111,VT2P/RHS,2069,39EX,941,2021
NEW,115,VT2P/RHS/ASR,2087,39EX,412,2021
NEW,114,VT2P/RHS/ASR,1720,39EX,4460,2021
NEW,100,VT2P/RHS/ASR,2082,39EX,260,2021
NEW,117,VT2P/RHS/ASR,2054,39EX,1227,2021
NEW,117,3000GT,1523,6EX,1318,2021
NEW,112,3000GT,1456,6EX,3811,2021
NEW,104,3000GT,1868,6EX,3905,2021
NEW,101,3122 EZ,2057,6EX,1781,2021
NEW,112,3220 EZ,1871,6EX,1000,2021
NEW,89,5122 EZ,2058,6EX,750,2021
NEW,114,5122 EZ,2056,6EX,800,2021
ILOP,115,5122 EZ,1853,6EX,200,2021
NEW,112,5222 EZ,1869,6EX,2014,2021
NEW,88,CONV,2061,6EX,1317,2021
NEW,88,CONV,2060,6EX,429,2021
NEW,112,CONV,1455,6EX,1764,2021
NEW,117,CONV,1526,6EX,1708,2021
NEW,101,CONV,1876,6EX,1007,2021
NEW,104,CONV,1874,6EX,3234,2021
ILOP/NEW,108,CONV/ASR,1856,6EX,401,2021
NEW,117,GT,1527,6EX,1219,2021
NEW,101,GT,1872,6EX,1340,2021
NEW,104,GT,1870,6EX,3484,2021
ILOP,115,GT,1529,6EX,200,2021
NEW/Proprietary,107,ORGANIC,2093-O,6EX,1000,2021
NEW,106,ORGANIC,1878-O,6EX,2527.14,2021
NEW,116,ORGANIC,1589-O,6EX,400,2021
NEW,104,ORGANIC,1818-O,6EX,1200,2021
NEW,110,ORGANIC,1754-O,6EX,500,2021
NEW,108,ORGANIC,1587-O,6EX,1200,2021
NEW,114,ORGANIC,1607-O,6EX,600,2021
NEW,112,SS,1606,6EX,350,2021
NEW,109,SS/ASR/RHS,2063,6EX,616,2021
NEW,111,SS/ASR/RHS,1860,6EX,827,2021
NEW,112,SS/ASR/RHS,1811,6EX,801,2021
NEW,110,SS/ASR/RHS,1594,6EX,505,2021
ILOP,115,SS/ASR/RHS,1808,6EX,307,2021
ILOP,115,SS/ASR/RHS,1884,6EX,233,2021
NEW,103,VT2P,1816,6EX,64,2021
ILOP/NEW,112,VT2P,1605,6EX,250,2021
NEW,113,VT2P/ASR,1515,6EX,248,2021
NEW,105,VT2P/RHS,2064,6EX,400,2021
NEW,108,3120 EZ,1865,4EX,1000,2021
ILOP,110,3330 EZ,1857,4EX,1200,2021
NEW,108,5122 EZ,1861,4EX,200,2021
NEW,112,5222 EZ,1869,4EX,122,2021
NEW,114,CONV,1250,4EX,695,2021
NEW,108,CONV,1859,4EX,302,2021
NEW,113,CONV/ASR,1864,4EX,604,2021
ILOP,116,CONV/ASR,1589,4EX,300,2021
NEW,114,SS,1251,4EX,600,2021
NEW,112,SS,1606,4EX,400,2021
NEW,114,SS/ASR,1810,4EX,200,2021
NEW,105,SS/ASR/RHS,2067,4EX,150,2021
NEW,110,SS/ASR/RHS,1862,4EX,204,2021
NEW,114,VT2P,1448,4EX,1003,2021
ILOP/NEW,111,VT2P,1736,4EX,1000,2021
NEW,110,VT2P,2078,4EX,1000,2021
ILOP/NEW,112,VT2P,1605,4EX,1000,2021
ILOP,107,VT2P,1820,4EX,300,2021
ILOP,116,VT2P/ASR,1514,4EX,185,2021
NEW,113,VT2P/DG,1722,4EX,1108,2021
NEW,105,VT2P/RHS,2064,4EX,100,2021
NEW,110,VT2P/RHS/ASR,1809,4EX,1000,2021
NEW,114,VT2P/RHS/ASR,1720,4EX,651,2021
NEW,109,VT2P/RHS/ASR,2075,4EX,200,2021
NEW,114,CONV,1250,41D,295,2021
NEW,113,CONV/ASR,1864,41D,699,2021
ILOP/NEW,110,CONV/ASR,1610,41D,490,2021
NEW,114,SS,1251,41D,300,2021
NEW,107,SS,1621,41D,100,2021
NEW,112,SS,1606,41D,300,2021
NEW,109,SS/ASR/RHS,2063,41D,100,2021
NEW,105,SS/ASR/RHS,2067,41D,151,2021
NEW,110,SS/ASR/RHS,1862,41D,204,2021
NEW,110,SS/ASR/RHS,1594,41D,102,2021
NEW,114,VT2P,1448,41D,300,2021
ILOP/NEW,111,VT2P,1736,41D,700,2021
NEW,112,VT2P,1602,41D,226,2021
NEW,110,VT2P/ASR,1516,41D,905,2021
ILOP,116,VT2P/ASR,1514,41D,500,2021
NEW,113,VT2P/DG,1722,41D,500,2021
NEW,113,VT2P/DG/ASR,2077,41D,300,2021
NEW,114,VT2P/RHS,2070,41D,200,2021
NEW,105,VT2P/RHS,2064,41D,150,2021
NEW,111,VT2P/RHS,2069,41D,251,2021
NEW,110,VT2P/RHS/ASR,1809,41D,800,2021
NEW,114,VT2P/RHS/ASR,1720,41D,500,2021
NEW,109,VT2P/RHS/ASR,2075,41D,300,2021
NEW,117,VT2P/RHS/ASR,2054,41D,204,2021
NEW,115,CONV/ASR,1519,17EX,202,2021
NEW,115,CONV/ASR,2085,17EX,153,2021
NEW,113,TRE/RHS ,2068,17EX,404,2021
ILOP/NEW,112,VT2P,1605,17EX,??,2021
ILOP,116,VT2P/ASR,1514,17EX,??,2021
NEW,114,VT2P/RHS,2070,17EX,??,2021
NEW,114,VT2P/RHS/ASR,1720,17EX,43,2021
NEW,117,VT2P/RHS/ASR,2054,17EX,1329,2021
NEW,108,5222 EZ,1863,19DX,200,2021
ILOP,113,CONV,1607,19DX,103,2021
NEW,112,SS,1606,19DX,260,2021
NEW,114,VT2P,1448,19DX,65,2021
ILOP/NEW,107,VT2P,1724,19DX,300,2021
NEW,111,VT2P/RHS,2069,19DX,325,2021
NEW,117,VT2P/RHS/ASR,2054,19DX,408,2021
ILOP,117,3000GT,1729,49D,100,2021
NEW,108,3120 EZ,1865,49D,120,2021
NEW,108,3220 EZ,1867,49D,120,2021
NEW,112,3220 EZ,1871,49D,120,2021
NEW,114,CONV,1250,55E,295,2021
NEW/ILOP,103,CONV,1650,55E,40,2021
NEW,108,CONV,1587,55E,600,2021
NEW,113,CONV/ASR,1864,55E,240,2021
NEW,103,RR2,1817,55E,182,2021
ILOP,114,RR2,1221,55E,240,2021
NEW,114,SS,1251,55E,136,2021
NEW,112,SS/ASR/RHS,1811,55E,200,2021
NEW,100,SS/ASR/RHS,2080,55E,300,2021
NEW,114,VT2P,1448,55E,240,2021
NEW,114,VT2P/RHS,2070,55E,250,2021
NEW,114,VT2P/RHS/ASR,1720,55E,240,2021
NEW,117,VT2P/RHS/ASR,2054,55E,175,2021
NEW,109,CONV,2086,10D,83,2021
NEW,107,SS,1621,10D,100,2021
NEW,105,SS/ASR,1807,10D,87,2021
NEW,105,SS/ASR/RHS,2067,10D,101,2021
ILOP/NEW,107,VT2P,1724,10D,203,2021
ILOP,106,VT2P/RHS,1721,10D,103,2021
NEW,114,CONV,1250,36B,197,2021
NEW,105,SS/ASR/RHS,2067,36B,150,2021
NEW,111,SS/ASR/RHS,1860,36B,200,2021
NEW,110,SS/ASR/RHS,1862,36B,260,2021
NEW,114,VT2P,1448,36B, ,2021
NEW,113,VT2P/ASR,1515,36B,500,2021
NEW,113,VT2P/DG,1722,36B,507,2021
NEW,105,VT2P/RHS,2064,36B,500,2021
NEW,110,VT2P/RHS/ASR,1809,36B,1300,2021
NEW,104,3000GT,1868,30EX,535,2021
NEW,108,3220 EZ,1867,30EX,3686,2021
ILOP,110,3330 EZ,1857,30EX,200,2021
NEW,108,5122 EZ,1861,30EX,500,2021
NEW,114,5122 EZ,2056,30EX,30,2021
ILOP,115,5122 EZ,1853,30EX,280,2021
NEW,108,5222 EZ,1863,30EX,437,2021
NEW,112,5222 EZ,1869,30EX,2450,2021
NEW,108,CONV,1859,30EX,399,2021
NEW,101,CONV,1876,30EX,206,2021
NEW,109,CONV,2086,30EX,250,2021
ILOP,107,CONV,1819,30EX,144,2021
ILOP/New,107,CONV,1603,30EX,399,2021
NEW,115,CONV/ASR,1519,30EX,195,2021
ILOP/NEW,110,CONV/ASR,1610,30EX,280,2021
NEW,115,CONV/ASR,2085,30EX,685,2021
ILOP,109,CONV/ASR,1866,30EX,470,2021
NEW,117,GT,1527,30EX,1443,2021
NEW,109,ORGANIC,2094-O,30EX,800,2021
NEW,116,ORGANIC,1589-O,30EX,210,2021
NEW,114,ORGANIC,1607-O,30EX,1200,2021
ILOP,107,RR2,1459,30EX,375,2021
NEW,110,SS,2062,30EX,989,2021
NEW,109,SS/ASR/RHS,2063,30EX,250,2021
NEW,105,SS/ASR/RHS,2067,30EX,1504,2021
NEW,111,SS/ASR/RHS,1860,30EX,800,2021
NEW,112,SS/ASR/RHS,1811,30EX,3800,2021
NEW,110,SS/ASR/RHS,1862,30EX,400,2021
NEW,100,SS/ASR/RHS,2080,30EX,1054,2021
NEW,111,SS/ASR/RHS,2074,30EX,350,2021
ILOP,115,SS/ASR/RHS,1884,30EX,301,2021
NEW,112,TR/ASR/RHS,1806,30EX,851,2021
NEW,113,TRE/RHS ,2068,30EX,427,2021
NEW,108,VT2P,1608,30EX,660,2021
NEW,113,VT2P/DG,1722,30EX,1870,2021
NEW,114,VT2P/DG,1345,30EX,449,2021
NEW,113,VT2P/DG/ASR,2077,30EX,400,2021
NEW,114,VT2P/RHS,2070,30EX,2471,2021
NEW,110,VT2P/RHS/ASR,1809,30EX,420,2021
NEW,112,VT2P/RHS/ASR,2076,30EX,51,2021
NEW,109,VT2P/RHS/ASR,2075,30EX,397,2021
NEW,117,VT2P/RHS/ASR,2054,30EX,350,2021
NEW,,RR2,1782,21A,755,2021
NEW,114,SS,1251,21A,500,2021
NEW,110,SS/ASR/RHS,1594,21A,300,2021
NEW,114,VT2P,1881,21A,1991,2021
Exclusive,,VT2P/ASR,2090,21A,2622,2021
NEW,,GT/LL,2095,24EX,500,2021
NEW,,RR2,1782,24EX,602,2021
NEW,103,RR2,1817,24EX,80,2021
ILOP,107,RR2,1459,24EX,160,2021
ILOP,114,RR2,1121,24EX,50,2021
ILOP,111,RR2,1128,24EX,800,2021
ILOP,114,RR2,1221,24EX,120,2021
ILOP,110,RR2/ASR,1611,24EX,841,2021
ILOP,107,RR2/LL,1158,24EX,20,2021
ILOP,111,RR2/LL,1395,24EX,280,2021
NEW,114,CONV,1250,18E,468,2021
NEW,113,CONV/ASR,1864,18E,402,2021
ILOP,114,RR2,1221,18E,50,2021
NEW,112,TR/ASR/RHS,1806,18E,50,2021
NEW,114,VT2P,1448,18E,300,2021
ILOP/NEW,112,VT2P,1605,18E,50,2021
NEW,114,VT2P/RHS,2070,18E,200,2021
ILOP,117,3110 VIP,1740,54B,400,2021
ILOP,117,CONV,1877,54B,400,2021
NEW,108,CONV,1587,22DX,515,2021
NEW,109,CONV,2086,22DX,500,2021
Exclusive,113,SS/ASR/RHS,2091,23BX,875,2021
Exclusive,113,TRE/RHS,2092,23BX,324,2021
NEW,103,VT2P,1816,23BX,632,2021
NEW,100,VT2P/DG,2072,23BX,2284,2021
NEW,99,VT2P/DG,2073,23BX,2215,2021
NEW,115,VT2P/DG,1882,23BX,1974,2021
NEW,112,VT2P/RHS/ASR,2076,23BX,765,2021
ILOP,115,3000GT,1534,5D,120,2021
ILOP,117,3000GT,1729,5D,142,2021
ILOP,117,3110 VIP,1740,5D,146,2021
ILOP/NEW,113,CONV,1815,5D,134,2021
ILOP/New,107,CONV,1603,5D,150,2021
NEW,111,TRE/RHS/ASR,2079,5D,800,2021
NEW,113,VT2P/DG/ASR,2077,5D,1300,2021
NEW,105,VT2P/RHS,2064,5D,350,2021
NEW,109,VT2P/RHS/ASR,2075,5D,800,2021
NEW,117,3000GT,1523,53D,383,2021
NEW,114,5122 EZ,2056,53D,200,2021
ILOP/New,107,CONV,1603,53D,199,2021
NEW,101,GT,1872,53D,717,2021
NEW,112,SS,1606,53D,200,2021
NEW,110,SS/ASR/RHS,1862,44CX,50,2021
NEW,114,VT2P,1448,44CX,50,2021
NEW,101,3122 EZ,2057,46A,380,2021
ILOP,113,SS/ASR,1518,15D,105,2021
NEW,100,CONV,2081,9A,90,2021
NEW/ILOP,103,CONV,1650,44CX.1,162,2021
NEW,100,VT2P/RHS/ASR,2082,44CX.1,444,2021
NEW,114,5122 EZ,2056,29E,300,2021
ILOP,112,3120 EZ-AA,1538,1E,450,2022
ILOP/NEW,110,3330 EZ-VZ,1857,1E,180,2022
NEW,111,5122 EZ-D,2178,1E,240,2022
ILOP/NEW,107,CONV,1603,1E,200,2022
NEW,109,CONV,2187,1E,60,2022
ILOP,112,CONV,1525,1E,120,2022
NEW,114,CONV,1250,1E,450,2022
NEW,114,CONV,2188,1E,639,2022
ILOP,114,RR2,1221,1E,450,2022
ILOP,112,SS,1606,1E,12,2022
ILOP,114,SS,1251,1E,16,2022
NEW,111,SS/ASR/RHS,1860,1E,12,2022
NEW,112,TRE/ASR/RHS,1806,1E,904,2022
NEW,107,VT2P,1724,1E,267,2022
ILOP,112,VT2P,1605,1E,450,2022
NEW,114,VT2P/RHS,2070,1E,900,2022
NEW,111,3120 EZ-AA,2179,39EX,1598,2022
NEW,108,3220 EZ-V,1867,39EX,600,2022
NEW,115,3220 EZ-V,2184,39EX,600,2022
ILOP/NEW,110,3330 EZ-VZ,1857,39EX,1050,2022
NEW,111,5122 EZ-D,2178,39EX,1196,2022
NEW,108,5222 EZ-DV,1863,39EX,1200,2022
NEW,110,5332 EZ-DVZ,2186,39EX,1050,2022
ILOP/NEW,107,CONV,1603,39EX,2161,2022
NEW,108,CONV,1587,39EX,506,2022
ILOP,109,CONV,2086,39EX,420,2022
NEW,109,CONV,2187,39EX,266,2022
ILOP,113,CONV,1815,39EX,160,2022
NEW,115,CONV,2213,39EX,307,2022
NEW,110,CONV/ASR,1610,39EX,2606,2022
NEW,113,CONV/ASR,1864,39EX,1895,2022
ILOP,115,CONV/ASR,2085,39EX,142,2022
NEW,110,RR2/ASR,1611,39EX,350,2022
NEW,118,SS,1651,39EX,206,2022
NEW,114,SS/ASR,1810,39EX,3700,2022
ILOP,110,SS/ASR/RHS,1594,39EX,1200,2022
ILOP,110,SS/ASR/RHS,1862,39EX,800,2022
NEW,111,SS/ASR/RHS,2074,39EX,1302,2022
ILOP/NEW,112,SS/ASR/RHS,1811,39EX,2420,2022
NEW,114,SS/ASR/RHS,2185,39EX,900,2022
NEW,105,TRE,2183,39EX,500,2022
NEW,112,TRE/ASR/RHS,1806,39EX,1455,2022
NEW,113,TRE/ASR/RHS,2068,39EX,432,2022
ILOP/NEW,111,TRE/RHS/ASR,2079,39EX,1760,2022
NEW,115,TRE/RHS/ASR,2177,39EX,1700,2022
NEW,107,VT2P,1724,39EX,2289,2022
NEW,118,VT2P,1622,39EX,600,2022
NEW,110,VT2P/ASR,1516,39EX,2250,2022
NEW,113,VT2P/DG,1722,39EX,250,2022
NEW,114,VT2P/DG,1345,39EX,500,2022
ILOP/NEW,113,VT2P/DG/ASR,2077,39EX,2959,2022
NEW,111,VT2P/RHS/ASR,2069,39EX,1380,2022
ILOP/NEW,114,VT2P/RHS/ASR,1720,39EX,4802,2022
ILOP,117,VT2P/RHS/ASR,2054,39EX,1500,2022
NEW,95,3110 VIP,2205,6EX,616,2022
NEW,,3110 VIP,2217,6EX,8466,2022
ILOP,89,5122 EZ-D,2058,6EX,613,2022
NEW,111,5122 EZ-D,2178,6EX,500,2022
NEW,114,5122 EZ-D,2056,6EX,1307,2022
NEW,95,5222 EZ-DV,2206,6EX,1246,2022
NEW,108,5222 EZ-DV,1863,6EX,200,2022
NEW,90,CONV,2212,6EX,1461,2022
ILOP/NEW,107,CONV,1603,6EX,200,2022
NEW,107,CONV,1819,6EX,245,2022
NEW,110,CONV/ASR,1610,6EX,257,2022
ILOP,116,CONV/ASR,1589,6EX,26,2022
ILOP,114,RR2,1221,6EX,50,2022
NEW,110,RR2/ASR,1611,6EX,45,2022
ILOP,113,RR2/ASR,1590,6EX,12,2022
ILOP,112,SS,1606,6EX,100,2022
ILOP,110,SS/ASR/RHS,1594,6EX,200,2022
NEW,115,TRE/RHS/ASR,2177,6EX,10,2022
NEW,95,VT2P,1706,6EX,5,2022
NEW,103,VT2P,1816,6EX,6,2022
NEW,105,VT2P,2163,6EX,6,2022
NEW,107,VT2P,1724,6EX,6,2022
NEW,109,VT2P/ASR,2164,6EX,6,2022
NEW,114,VT2P/RHS,2070,6EX,300,2022
NEW,104,VT2P/RHS/ASR,1812,6EX,6,2022
ILOP/NEW,112,3220 EZ-V,1871,2A,1000.75,2022
NEW,117,3220 EZ-V,2211,2A,2000,2022
NEW,,3220 EZ-V,1716,2A,1000,2022
NEW,111,5122 EZ-D,2178,2A,500,2022
NEW,109,5222 EZ-DV,2208,2A,1900,2022
NEW,112,5222 EZ-DV,1869,2A,500.5,2022
NEW,115,5222 EZ-DV,2207,2A,1000,2022
NEW,116,5222 EZ-DV,2181,2A,1000,2022
NEW,111,3120 EZ-AA,2179,4EX,1087,2022
NEW,111,5122 EZ-D,2178,4EX,203,2022
NEW,105,CONV,2059,4EX,500,2022
NEW,107,CONV,1819,4EX,200,2022
NEW,109,CONV,2187,4EX,50,2022
NEW,110,CONV,2189,4EX,501,2022
ILOP,113,CONV,1815,4EX,506,2022
NEW,114,CONV,1250,4EX,1513,2022
ILOP,116,CONV/ASR,1589,4EX,300,2022
ILOP,114,SS,1251,4EX,500,2022
NEW,105,SS/ASR/RHS,2067,4EX,150,2022
ILOP/NEW,110,VT2P,2078,4EX,2009,2022
NEW,114,VT2P,1448,4EX,2022,2022
ILOP,105,VT2P/RHS,2064,4EX,800,2022
NEW,114,VT2P/RHS,2070,4EX,508,2022
NEW,109,VT2P/RHS/ASR,2075,4EX,2018,2022
ILOP/NEW,114,VT2P/RHS/ASR,1720,4EX,201,2022
NEW,105,CONV,2059,41D,100,2022
NEW,114,CONV,1250,41D,60,2022
NEW,109,SS/ASR/RHS,2063,41D,154,2022
ILOP,110,SS/ASR/RHS,1594,41D,110,2022
ILOP,110,SS/ASR/RHS,1862,41D,100,2022
NEW,114,SS/ASR/RHS,2185,41D,90,2022
NEW,105,TRE,2183,41D,50,2022
NEW,112,TRE/ASR/RHS,1806,41D,303,2022
ILOP,111,VT2P,1736,41D,40,2022
NEW,114,VT2P,1448,41D,303,2022
NEW,113,VT2P/DG,1722,41D,505,2022
NEW,114,VT2P/RHS,2070,41D,308,2022
NEW,110,VT2P/RHS/ASR,2203,41D,304,2022
NEW,111,VT2P/RHS/ASR,2069,41D,406,2022
ILOP/NEW,114,VT2P/RHS/ASR,1720,41D,403,2022
ILOP,115,CONV/ASR,2085,17EX,200,2022
NEW,113,TRE/ASR/RHS,2068,17EX,3324,2022
NEW,103,VT2P,1816,17EX,102,2022
NEW,114,VT2P/RHS,2070,17EX,503,2022
ILOP,117,VT2P/RHS/ASR,2054,17EX,1214,2022
NEW,108,5222 EZ-DV,1863,19DX,109,2022
ILOP,113,CONV,1815,19DX,40,2022
ILOP,113,CONV,1607,19DX,61,2022
NEW,107,SS,1621,19DX,202,2022
ILOP,115,SS/ASR/RHS,1808,19DX,300,2022
NEW,105,TRE,2183,19DX,100,2022
NEW,114,VT2P/RHS,2070,19DX,360,2022
NEW,109,VT2P/RHS/ASR,2075,19DX,654,2022
ILOP,112,SS,1606,27A,350,2022
NEW,111,SS/ASR/RHS,1860,27A,755,2022
NEW,111,5122 EZ-D,2178,55E,X,2022
NEW,108,CONV,1587,55E,276,2022
NEW,109,CONV,2187,55E,188,2022
NEW,115,CONV,2213,55E,371,2022
NEW,113,CONV/ASR,1864,55E,200,2022
NEW,95,RR2,2152,55E,240,2022
ILOP,114,RR2,1221,55E,175,2022
NEW,114,RR2,1782,55E,300,2022
NEW,104,RR2/LL,2154,55E,130,2022
ILOP/NEW,111,RR2/LL,1395,55E,75,2022
NEW,102,SS/ASR/RHS,2162,55E,211,2022
NEW,114,SS/ASR/RHS,2185,55E,100,2022
ILOP/NEW,113,VT2P/DG/ASR,2077,55E,250,2022
ILOP/NEW,114,VT2P/RHS/ASR,1720,55E,200,2022
NEW,109,CONV,2187,10D,48,2022
ILOP,101,3122 EZ-AT,2057,30EX,365,2022
NEW,108,3220 EZ-V,1867,30EX,581,2022
ILOP/NEW,112,3220 EZ-V,1871,30EX,555,2022
NEW,111,5122 EZ-D,2178,30EX,600,2022
NEW,112,5222 EZ-DV,1869,30EX,601,2022
NEW,117,5222 EZ-DV,2180,30EX,400,2022
NEW,114,CONV,2188,30EX,400,2022
NEW,115,CONV,2213,30EX,258,2022
ILOP,117,CONV,1877,30EX,274,2022
ILOP,108,CONV/ASR,1856,30EX,312,2022
NEW,110,CONV/ASR,1610,30EX,250,2022
NEW,113,CONV/ASR,1864,30EX,550,2022
NEW,103,RR2,1817,30EX,960,2022
ILOP,107,RR2,1459,30EX,285,2022
NEW,107,RR2/ASR,1781,30EX,615,2022
NEW,104,RR2/LL,2154,30EX,245,2022
NEW,,RR2/LL,2019,30EX,1038,2022
ILOP,108,SS,1805,30EX,170,2022
ILOP,116,SS,1511,30EX,265,2022
NEW,114,SS/ASR,1810,30EX,300,2022
NEW,109,SS/ASR/RHS,2063,30EX,110,2022
ILOP,110,SS/ASR/RHS,1594,30EX,150,2022
ILOP,110,SS/ASR/RHS,1862,30EX,616,2022
ILOP/NEW,112,SS/ASR/RHS,1811,30EX,2051,2022
NEW,114,SS/ASR/RHS,2185,30EX,201,2022
NEW,105,TRE,2183,30EX,50,2022
NEW,113,TRE/ASR/RHS,2068,30EX,559,2022
ILOP/NEW,111,TRE/RHS/ASR,2079,30EX,368,2022
NEW,115,TRE/RHS/ASR,2177,30EX,100,2022
NEW,103,VT2P,1816,30EX,5100,2022
NEW,118,VT2P,1622,30EX,728,2022
NEW,110,VT2P/ASR,1516,30EX,300,2022
NEW,113,VT2P/DG,1722,30EX,559,2022
ILOP/NEW,113,VT2P/DG/ASR,2077,30EX,427,2022
NEW,114,VT2P/RHS,2070,30EX,60,2022
NEW,109,VT2P/RHS/ASR,2075,30EX,255,2022
NEW,110,VT2P/RHS/ASR,2203,30EX,600,2022
NEW,117,3220 EZ-V,2211,16B,525,2022
NEW,114,CONV,1250,16B,213,2022
ILOP,110,SS/ASR/RHS,1594,16B,300,2022
Exclusive,115,SS/ASR/RHS,2214,16B,1942,2022
ILOP/NEW,110,VT2P,2078,16B,10,2022
ILOP,112,VT2P,1605,16B,500,2022
Exclusive,115,VT2P/ASR,2090,16B,4607,2022
NEW,114,CONV,1250,18E,351,2022
NEW,115,CONV,2213,18E,100,2022
NEW,113,CONV/ASR,1864,18E,357,2022
NEW,112,TRE/ASR/RHS,1806,18E,207,2022
ILOP,112,VT2P,1605,18E,350,2022
NEW,114,VT2P,1448,18E,150,2022
NEW,114,VT2P/RHS,2070,18E,500,2022
NEW,116,3220 EZ-V,2202,43DX,2141,2022
NEW,115,5222 EZ-DV,2193,43DX,2146,2022
NEW,114,RR2,1782,43DX,1200,2022
NEW,102,SS,2190,43DX,840,2022
NEW,118,SS,1651,43DX,892,2022
NEW,98,SS/ASR/RHS,2161,43DX,747,2022
NEW,91,VT2P,2192,43DX,846,2022
NEW,114,VT2P,1881,43DX,9290,2022
Limited,99,VT2P/RHS/ASR,2191,43DX,898,2022
NEW,114,3010,2194,22DX,1579,2022
NEW,109,3120 EZ-AA,2195,22DX,1000,2022
NEW,108,3220 EZ-V,2196,22DX,2700,2022
NEW,109,5122 EZ-D,2197,22DX,3200,2022
NEW,114,5122 EZ-D,2056,22DX,2006,2022
NEW,117,5222 EZ-DV,2180,22DX,1281,2022
ILOP,113,CONV,1815,22DX,165,2022
NEW,105,SS/ASR,1807,22DX,746,2022
NEW,95,VT2P,1706,22DX,303,2022
NEW,103,VT2P,1816,22DX,4620,2022
ILOP,105,VT2P/RHS,2064,22DX,411,2022
NEW,104,VT2P/RHS/ASR,1812,22DX,4138,2022
NEW,110,CONV/ASR,1610,23BX,300,2022
NEW,107,SS,1621,23BX,2897,2022
NEW,105,SS/ASR,1807,23BX,3638,2022
NEW,98,SS/ASR/RHS,2161,23BX,2310,2022
NEW,102,SS/ASR/RHS,2162,23BX,2332,2022
NEW,109,SS/ASR/RHS,2063,23BX,2160,2022
ILOP/NEW,112,SS/ASR/RHS,1811,23BX,2032,2022
Limited,113,SS/ASR/RHS,2091,23BX,2234,2022
NEW,112,TRE/ASR/RHS,1806,23BX,1347,2022
Limited,113,TRE/ASR/RHS,2092,23BX,2006,2022
NEW,95,VT2P,1706,23BX,6000,2022
NEW,103,VT2P,1816,23BX,1621,2022
NEW,105,VT2P,2163,23BX,4161,2022
NEW,93,VT2P/ASR,2165,23BX,4485,2022
NEW,98,VT2P/ASR,2166,23BX,4251,2022
NEW,109,VT2P/ASR,2164,23BX,3167,2022
NEW,99,VT2P/DG,2073,23BX,10000,2022
NEW,104,VT2P/RHS/ASR,1812,23BX,2825,2022
Limited,104,VT2P/RHS/ASR,2167,23BX,7012,2022
ILOP,115,3000 GT,1534,5D,405,2022
ILOP,117,3000 GT,1729,5D,107,2022
ILOP/NEW,111,TRE/RHS/ASR,2079,5D,1133,2022
NEW,113,VT2P/DG,1722,5D,1221,2022
ILOP/NEW,113,VT2P/DG/ASR,2077,5D,1012,2022
,,,,5D, ,2022
NEW,115,5222 EZ-DV,2193,53D,151,2022
NEW,,5222 EZ-DV,2182,53D,100,2022
NEW,110,5332 EZ-DVZ,2186,53D,203,2022
NEW,109,CONV,2187,53D,66,2022
NEW,118,SS,1651,53D,200,2022
NEW,111,5122 EZ-D,2178,29E,200,2022
NEW,114,5122 EZ-D,2056,29E,1413,2022
NEW,117,5222 EZ-DV,2180,29E,500,2022
NEW,,5222 EZ-DV,2182,29E,597,2022
NEW,112,VT2P/ASR,1515,29E,401,2022
NEW,115,VT2P/ASR,1363,29E,139,2022
NEW,109,CONV,2187,15D,300,2022
NEW,110,CONV/ASR,1610,15D,334,2022
NEW,101,RR2,2151,15D,40,2022
NEW,103,RR2,1817,15D,150,2022
ILOP,112,VT2P,1602,15D,953,2022
Proprietary,,CONV,2198,38C,7,2022
Proprietary,,CONV,2199,38C,44,2022
Proprietary,,Power Core,2200,38C,37,2022
Proprietary,,Power Core,2201,38C,113,2022
Proprietary,,Power Core,2218,38C,303,2022
NEW,115,3220 EZ-V,2184,35C,50,2022
NEW,115,TRE/RHS/ASR,2177,35C,50,2022
ILOP/NEW,107,CONV,1603,49D,100,2022
ILOP,113,CONV,1815,49D,50,2022
NEW,114,CONV,2188,49D,100,2022
NEW,115,CONV,2213,49D,150,2022
ILOP,114,SS,1251,49D,75,2022
NEW,105,TRE,2183,49D,50,2022
ILOP/NEW,113,VT2P/DG/ASR,2077,49D,400,2022
NEW,111,5122 EZ-D,2178,48B,50,2022
NEW,109,CONV,2187,54B,381,2022
NEW,115,GT/LL,2037,24EX,1600,2022
ILOP,,GT/LL,2095,24EX,1365,2022
NEW,95,RR2,2152,24EX,1102,2022
NEW,101,RR2,2151,24EX,1260,2022
NEW,103,RR2,1817,24EX,286,2022
NEW,114,RR2,1782,24EX,1124,2022
NEW,,RR2,1128,24EX,1005,2022
NEW,107,RR2/ASR,1781,24EX,908,2022
NEW,110,RR2/ASR,1611,24EX,617,2022
NEW,115,RR2/ASR,1825,24EX,609,2022
NEW,104,RR2/LL,2154,24EX,410,2022
ILOP,107,RR2/LL,1158,24EX,180,2022
ILOP/NEW,111,RR2/LL,1395,24EX,651,2022
NEW,111,RR2/LL,1748,24EX,429,2022
NEW,,RR2/LL,2019,24EX,102,2022
ILOP,111,3120 EZ-AA,2179,1E,909,2023
ILOP,110,3330 EZ-VZ,1857,1E,297,2023
ILOP/NEW,111,5122 EZ-D,2178,1E,286,2023
NEW,109,CONV,2187,1E,310,2023
NEW,111,CONV,2276,1E,92,2023
ILOP,114,CONV,1250,1E,457,2023
ILOP,112,CONV,1525,1E,60,2023
NEW,115,CONV,2213,1E,205,2023
NEW,114,RR2,1221,1E,450,2023
ILOP/NEW,115,TRE/ASR/RHS,2177,1E,469,2023
ILOP/NEW,114,VT2P,1881,1E,46,2023
ILOP,112,VT2P/ASR,1515,1E,750,2023
ILOP,114,VT2P/RHS,2070,1E,827,2023
NEW,111,3220 EZ-V,2308,39EX,1185,2023
ILOP/NEW,111,5122 EZ-D,2178,39EX,1718,2023
NEW,109,CONV,2187,39EX,2026,2023
NEW,111,CONV,2276,39EX,829,2023
ILOP,107,CONV,1603,39EX,213,2023
ILOP,109,CONV,2086,39EX,158,2023
NEW,115,CONV,2213,39EX,346,2023
NEW,104,CONV,2282,39EX,1473,2023
ILOP,110,CONV/ASR,1610,39EX,493,2023
ILOP,113,CONV/ASR,1864,39EX,993,2023
NEW,108,PWE,2200,39EX,1172,2023
NEW,111,PWE,2218,39EX,1007,2023
NEW,114,PWE,2280,39EX,322,2023
NEW,115,PWE,2262,39EX,90,2023
NEW,104,PWE,2274,39EX,101,2023
ILOP,118,SS,1651,39EX,75,2023
ILOP/NEW,114,SS/ASR,1810,39EX,2248,2023
NEW,112,SS/ASR/RHS,1811,39EX,1750,2023
NEW,110,SS/ASR/RHS,1862,39EX,2068,2023
ILOP,110,SS/ASR/RHS,1594,39EX,295,2023
ILOP/NEW,114,SS/ASR/RHS,2185,39EX,1021,2023
NEW,104,SS/ASR/RHS,2281,39EX,520,2023
NEW,107,SS/PRO/RHS,2301,39EX,108,2023
Limited,113,SS/PRO/RHS,2253,39EX,1739,2023
NEW,112,TRE/ASR/RHS,1806,39EX,994,2023
ILOP/NEW,115,TRE/ASR/RHS,2177,39EX,5103,2023
NEW,113,TRE/ASR/RHS,2068,39EX,429,2023
NEW,109,TRE/ASR/RHS,3029,39EX,1164,2023
ILOP,110,VT2P/ASR,1516,39EX,98,2023
ILOP,93,VT2P/ASR,2165,39EX,202,2023
ILOP,114,VT2P/DG,1345,39EX,272,2023
NEW,100,VT2P/DG/ASR,2283,39EX,1328,2023
NEW,114,VT2P/RHS/ASR,1720,39EX,3697,2023
NEW,109,VT2P/RHS/ASR,2075,39EX,2180,2023
ILOP,99,3110 VIP,2217,6EX,216,2023
NEW,95,3110 VIP,2205,6EX,1208,2023
ILOP,111,3120 EZ-AA,2179,6EX,625,2023
NEW,89,3120 EZ-AA,2204,6EX,563,2023
NEW,115,3120 EZ-AA,2296,6EX,1277,2023
ILOP,101,3122 EZ-AT,2057,6EX,321,2023
NEW,93,3220 EZ-V,2210,6EX,649,2023
ILOP/NEW,114,5122 EZ-D,2056,6EX,4052,2023
ILOP/NEW,111,5122 EZ-D,2178,6EX,2995,2023
NEW,105,5122 EZ-D,2288,6EX,3893,2023
NEW,89,5122 EZ-D,2058,6EX,2035,2023
NEW,93,5222 EZ-DV,2289,6EX,1715,2023
ILOP,116,5222 EZ-DV,2181,6EX,400,2023
NEW,95,5222 EZ-DV,2206,6EX,2908,2023
ILOP/NEW,116,5222 EZ-DV,2182,6EX,700,2023
NEW,103,5222 EZ-DV,2291,6EX,1825,2023
NEW,91,5222 EZ-DV,2297,6EX,573,2023
ILOP/NEW,112,CONV,1455,6EX,2134,2023
NEW,109,CONV,2187,6EX,1233,2023
NEW,93,CONV,1620,6EX,4389,2023
ILOP,117,CONV,1526,6EX,814,2023
ILOP,101,CONV,1876,6EX,160,2023
NEW,115,CONV,2213,6EX,500,2023
NEW,104,CONV,2282,6EX,2233,2023
NEW,114,CONV,2284,6EX,294,2023
NEW,94,CONV,2285,6EX,791,2023
NEW,101,CONV,2292,6EX,1610,2023
ILOP,113,CONV/ASR,1864,6EX,229,2023
NEW,105,GT,1710,6EX,950,2023
NEW,108,PWE,2200,6EX,1,2023
NEW,111,PWE,2218,6EX,1,2023
NEW,96,PWE,2332,6EX,1,2023
NEW,114,PWE,2280,6EX,575,2023
NEW,101,PWE,2293,6EX,1386,2023
NEW,114,RR2,1221,6EX,75,2023
ILOP,115,RR2/ASR,1825,6EX,365,2023
ILOP,111,SS/ASR/RHS,1860,6EX,609,2023
NEW,113,SS/ASR/RHS,2334,6EX,84,2023
NEW,107,SS/PRO/RHS,2301,6EX,49,2023
ILOP/NEW,115,TRE/ASR/RHS,2177,6EX,211,2023
NEW,109,TRE/ASR/RHS,3029,6EX,355,2023
ILOP,116,VT2P/ASR,1514,6EX,472,2023
ILOP,113,VT2P/DG/ASR,2077,6EX,397,2023
ILOP,110,VT2P/RHS/ASR,1809,6EX,198,2023
ILOP,111,3120 EZ-AA,2179,4EX,700,2023
NEW,109,CONV,2187,4EX,801,2023
NEW,107,CONV,2300,4EX,332,2023
NEW,114,CONV,2284,4EX,201,2023
NEW,108,PWE,2200,4EX,150,2023
NEW,107,PWE,2286,4EX,1089,2023
NEW,111,TRE/ASR/RHS,2079,4EX,207,2023
ILOP,105,VT2P/RHS,2064,4EX,1055,2023
ILOP,114,VT2P/RHS,2070,4EX,500,2023
NEW,109,VT2P/RHS/ASR,2075,4EX,501,2023
NEW,112,VT2P/RHS/ASR,2303,4EX,1228,2023
NEW,115,VT2P/RHS/ASR,2302,4EX,306,2023
NEW,109,CONV,2187,41D,266,2023
NEW,109,CONV,2329,41D,200,2023
NEW,115,CONV,2213,41D,100,2023
NEW,114,CONV,2284,41D,201,2023
NEW,112,CONV,2333,41D,400,2023
NEW,108,PWE,2200,41D,200,2023
NEW,111,PWE,2218,41D,203,2023
NEW,107,PWE,2286,41D,410,2023
NEW,114,PWE,2280,41D,570,2023
NEW,109,PWE,2330,41D,200,2023
NEW,115,PWE,2262,41D,190,2023
ILOP,110,RR2/ASR,1611,41D,45,2023
ILOP,108,SS,1805,41D,24,2023
NEW,112,SS/ASR/RHS,1811,41D,607,2023
ILOP/NEW,114,SS/ASR/RHS,2185,41D,3,2023
NEW,112,TRE/ASR/RHS,1806,41D,446,2023
NEW,111,TRE/ASR/RHS,2079,41D,517,2023
NEW,113,TRE/ASR/RHS,2068,41D,308,2023
NEW,113,VT2P/DG,1722,41D,516,2023
ILOP,113,VT2P/DG/ASR,2077,41D,875,2023
ILOP,110,VT2P/RHS/ASR,1809,41D,499,2023
ILOP,110,VT2P/RHS/ASR,2203,41D,1097,2023
NEW,113,TRE/ASR/RHS,2068,17EX,3119,2023
NEW,115,VT2P/RHS/ASR,2328,17EX,628,2023
ILOP/NEW,111,5122 EZ-D,2178,55E,28,2023
NEW,109,CONV,2187,55E,350,2023
NEW,115,CONV,2213,55E,250,2023
ILOP,109,GT/LL,1792,55E,2,2023
ILOP/NEW,114,RR2,1782,55E,560,2023
ILOP,111,RR2/LL,1395,55E,38,2023
NEW,111,3220 EZ-V,2308,30EX,51,2023
ILOP,115,3220 EZ-V,2184,30EX,74,2023
NEW,89,5122 EZ-D,2058,30EX,1416,2023
ILOP,108,5222 EZ-DV,1863,30EX,207,2023
ILOP,117,5222 EZ-DV,2180,30EX,150,2023
ILOP,115,5222 EZ-DV,2193,30EX,643,2023
NEW,95,5222 EZ-DV,2206,30EX,1401,2023
ILOP,115,5222 EZ-DV,2207,30EX,429,2023
ILOP,109,5222 EZ-DV,2208,30EX,700,2023
NEW,103,5222 EZ-DV,2291,30EX,1030,2023
NEW,109,CONV,2187,30EX,350,2023
NEW,111,CONV,2276,30EX,203,2023
ILOP,117,CONV,1526,30EX,273,2023
NEW,115,CONV,2213,30EX,20,2023
NEW,104,CONV,2282,30EX,1521,2023
NEW,101,CONV,2292,30EX,354,2023
ILOP,113,CONV/ASR,1864,30EX,50,2023
NEW,108,PWE,2200,30EX,1165,2023
NEW,111,PWE,2218,30EX,132,2023
NEW,96,PWE,2332,30EX,232,2023
NEW,114,PWE,2280,30EX,556,2023
NEW,114,PWE,2307,30EX,1858,2023
NEW,115,PWE,2262,30EX,753,2023
NEW,104,PWE,2274,30EX,1764,2023
ILOP,103,RR2,1817,30EX,1614,2023
ILOP,107,RR2/ASR,1781,30EX,10,2023
ILOP,112,RR2/LL,2153,30EX,14,2023
NEW,112,SS/ASR/RHS,1811,30EX,7156,2023
NEW,110,SS/ASR/RHS,1862,30EX,603,2023
NEW,102,SS/ASR/RHS,2162,30EX,1078,2023
ILOP/NEW,114,SS/ASR/RHS,2185,30EX,559,2023
ILOP,98,SS/ASR/RHS,2161,30EX,450,2023
NEW,113,SS/ASR/RHS,2334,30EX,229,2023
NEW,104,SS/ASR/RHS,2281,30EX,20,2023
NEW,113,TRE/ASR/RHS,2068,30EX,385,2023
NEW,119,TRE/ASR/RHS,2287,30EX,1131,2023
ILOP/NEW,114,VT2P,1881,30EX,2940,2023
NEW,113,VT2P/DG,1722,30EX,1953,2023
NEW,100,VT2P/DG/ASR,2283,30EX,2469,2023
ILOP,113,VT2P/DG/ASR,2077,30EX,100,2023
ILOP,114,VT2P/RHS,2070,30EX,1140,2023
NEW,109,VT2P/RHS/ASR,2075,30EX,1103,2023
NEW,115,VT2P/RHS/ASR,2328,30EX,344,2023
ILOP,104,VT2P/RHS/ASR,1812,30EX,1554,2023
NEW,115,VT2P/RHS/ASR,2302,30EX,470,2023
NEW,112,CONV,1815,20B,267,2023
NEW,114,PWE,2280,20B,807,2023
NEW,114,PWE,2307,20B,800,2023
ILOP/NEW,112,VT2P,1605,20B,1814,2023
NEW,114,VT2P/RHS/ASR,1720,20B,413,2023
NEW,115,VT2P/RHS/ASR,2302,20B,500,2023
NEW,111,PWE,2218,16B,1021,2023
ILOP,103,RR2,1817,16B,2,2023
ILOP,107,RR2/ASR,1781,16B,2,2023
NEW,102,SS/ASR/RHS,2162,16B,1507,2023
Exclusive,115,SS/ASR/RHS,2214,16B,1781,2023
NEW,113,TRE/ASR/RHS,2068,16B,601,2023
NEW,119,TRE/ASR/RHS,2287,16B,50,2023
Limited,110,VT2P/RHS/ASR,2309,16B,1595,2023
NEW,115,CONV,2213,18E,100,2023
ILOP/NEW,112,VT2P,1605,18E,200,2023
ILOP/NEW,114,RR2,1782,43DX,4476,2023
NEW,113,TRE/ASR/RHS,2068,43DX,2400,2023
NEW,119,TRE/ASR/RHS,2287,43DX,5412,2023
ILOP/NEW,114,VT2P,1881,43DX,9619,2023
NEW,117,VT2P,2290,43DX,2866,2023
ILOP,100,VT2P/RHS/ASR,2191,43DX,587,2023
ILOP/NEW,114,5122 EZ-D,2056,22DX,210,2023
ILOP/NEW,111,5122 EZ-D,2178,22DX,400,2023
NEW,103,5222 EZ-DV,2291,22DX,402,2023
NEW,111,CONV,2276,22DX,200,2023
ILOP,117,CONV,1526,22DX,299,2023
ILOP,101,CONV,1876,22DX,320,2023
NEW,104,CONV,2282,22DX,104,2023
NEW,101,CONV,2292,22DX,400,2023
ILOP,115,GT,1529,22DX,152,2023
NEW,104,PWE,2274,22DX,502,2023
NEW,113,TRE/ASR/RHS,2068,22DX,453,2023
ILOP/NEW,114,5122 EZ-D,2056,29E,1611,2023
ILOP/NEW,111,5122 EZ-D,2178,29E,300,2023
NEW,109,CONV,2329,29E,203,2023
NEW,112,CONV,1815,29E,386,2023
NEW,109,PWE,2330,29E,487,2023
NEW,101,PWE,2293,29E,327,2023
ILOP/NEW,112,VT2P,1605,29E,676,2023
ILOP,105,VT2P/RHS,2064,29E,480,2023
NEW,115,VT2P/RHS/ASR,2328,29E,101,2023
ILOP,101,RR2,2151,15D,55,2023
ILOP,95,RR2,2152,15D,5,2023
ILOP,95,VT2P,1706,15D,100,2023
ILOP,105,VT2P/RHS,2064,15D,504,2023
NEW,109,CONV,2187,49D,300,2023
NEW,109,CONV,2329,49D,100,2023
NEW,115,CONV,2213,49D,250,2023
NEW,109,PWE,2330,49D,40,2023
NEW,115,PWE,2262,49D,300,2023
NEW,114,RR2,1221,49D,150,2023
ILOP,114,SS,1251,49D,100,2023
ILOP/NEW,114,SS/ASR,1810,49D,140,2023
ILOP/NEW,114,SS/ASR/RHS,2185,49D,59,2023
ILOP/NEW,114,5122 EZ-D,2056,8C,745,2023
ILOP,110,5332 EZ-DVZ,2186,8C,297,2023
ILOP,118,SS,1651,8C,200,2023
NEW,104,SS/ASR/RHS,2281,8C,611,2023
ILOP/NEW,112,VT2P,1605,8C,398,2023
NEW,100,VT2P/DG/ASR,2283,8C,556,2023
ILOP,117,3220 EZ-V,2211,44CX,592,2023
NEW,112,CONV,2333,44CX,119,2023
NEW,108,PWE,2200,44CX,611,2023
NEW,115,PWE,2262,44CX,19,2023
NEW,104,PWE,2274,44CX,211,2023
NEW,119,TRE/ASR/RHS,2287,44CX,602,2023
NEW,101,CONV,2292,38C,10,2023
ILOP,104,VT2P/RHS/ASR,1812,5D,410,2023
NEW,112,VT2P/RHS/ASR,2303,I16BI,35,2023
ILOP,105,TRE,2183,33A,50,2023
ILOP/NEW,114,VT2P,1881,33A,4011,2023
ILOP,104,VT2P/RHS/ASR,1812,33A,805,2023
ILOP,101,3122 EZ-AT,2057,51A,172,2023
NEW,95,5222 EZ-DV,2206,51A,200,2023
NEW,104,CONV,2282,51A,110,2023
NEW,104,PWE,2274,51A,1100,2023
NEW,112,VT2P/RHS/ASR,2303,51A,387,2023
NEW,113,SS/ASR/RHS,2334,10D,55,2023
NEW,104,SS/ASR/RHS,2281,10D,54,2023
NEW,100,VT2P/DG/ASR,2283,10D,152,2023
ILOP,115,3220 EZ-V,2184,35C,372,2023
ILOP/NEW,115,TRE/ASR/RHS,2177,35C,403,2023
NEW,100,VT2P/DG/ASR,2283,35C,100,2023
NEW,109,CONV,2187,11C,343,2023
NEW,104,CONV,2282,11C,164,2023
NEW,104,PWE,2274,11C,200,2023
ILOP,114,CONV,1250,28C,181,2023
ILOP/NEW,114,SS/ASR,1810,28C,131,2023
NEW,112,SS/ASR/RHS,1811,28C,60,2023
NEW,104,SS/ASR/RHS,2281,28C,54,2023
ILOP/NEW,115,TRE/ASR/RHS,2177,28C,100,2023
NEW,113,TRE/ASR/RHS,2068,28C,232,2023
ILOP,110,VT2P/RHS/ASR,2203,28C,287,2023
NEW,100,VT2P/DG/ASR,2283,36B,200,2023
ILOP,109,GT/LL,1792,24EX,125,2023
ILOP,115,GT/LL,2037,24EX,494,2023
ILOP,110,GT/LL,2095,24EX,503,2023
ILOP,93,GT/LL,2156,24EX,459,2023
ILOP,101,GT/LL,3020,24EX,393,2023
ILOP,111,RR2,1128,24EX,104,2023
ILOP/NEW,114,RR2,1782,24EX,978,2023
ILOP,110,RR2/ASR,1611,24EX,638,2023
ILOP,107,RR2/ASR,1781,24EX,405,2023
ILOP,115,RR2/ASR,1825,24EX,415,2023
ILOP,111,RR2/LL,1395,24EX,449,2023
ILOP,115,RR2/LL,2019,24EX,188,2023
ILOP,110,RR2/LL,2031,24EX,325,2023
ILOP,112,RR2/LL,2153,24EX,114,2023
ILOP,104,RR2/LL,2154,24EX,129,2023
ILOP/NEW,114,SS/ASR,1810,24EX,339,2023
NEW,112,SS/ASR/RHS,1811,24EX,321,2023
ILOP/NEW,115,TRE/ASR/RHS,2177,24EX,45,2023
NEW,113,TRE/ASR/RHS,2068,24EX,234,2023
ILOP,113,VT2P/DG/ASR,2077,24EX,200,2023
ILOP,110,VT2P/RHS/ASR,2203,24EX,300,2023
New,115,TRE/ASR/RHS,2177,1E,178,2024
New,114,CONV,2447,1E,600,2024
ILOP/New,114,VT2P,1881,1E,457,2024
ILOP,111,CONV,2276,1E,300,2024
ILOP/New,111,3220 EZ-V,2308,1E,1266,2024
New,114,3120 EZ-AA,2444,1E,100,2024
New,112,PCE,2316,1E,505,2024
ILOP,111,PCE,2218,1E,125,2024
New,115,VT2P/RHS/ASR,2461,1E,70,2024
New,110,CONV,2486,1E,460,2024
New,110,PCE,2487,1E,693,2024
ILOP/New,107,CONV,2300,1E,161,2024
ILOP,107,PCE,2286,1E,299,2024
ILOP,114,VT2P,1448,4EX,54,2024
New,112,PCE,2316,4EX,2000,2024
New,110,PCE,2311,4EX,2542,2024
New,113,CONV,2516,4EX,319,2024
New,113,PCE,2411,4EX,408,2024
New,106,PCE,2320,4EX,1803,2024
New,105,VT2P/RHS/ASR,2064,4EX,500,2024
New,112,VT2P/RHS/ASR,2303,4EX,2059,2024
New,104,CONV,2282,4EX,70,2024
New,110,CONV,2453,4EX,343,2024
ILOP,114,CONV,2284,4EX,165,2024
ILOP,107,PCE,2286,4EX,867,2024
New,111,VT2P/RHS/ASR,2469,4EX,2060,2024
ILOP,104,VT2P/RHS/ASR,1812,5D,308,2024
New,114,CONV,2447,5D,500,2024
ILOP,115,3220 EZ-V,2184,5D,200,2024
New,110,CONV,2439,5D,140,2024
New,110,PCE,2311,5D,500,2024
ILOP,117,VT2P,2290,5D,57,2024
ILOP,98,VT2P/ASR,2166,5D,100,2024
New,110,SS/ASR/RHS,2334,6EX,20,2024
New,115,RR2/LL,2019,6EX,35,2024
ILOP,114,RR2,1121,6EX,230,2024
New,115,TRE/ASR/RHS,2177,6EX,500,2024
SE,109,CONV,2426,6EX,4834,2024
New,113,SS/PRO/RHS,2429,6EX,2,2024
ILOP/New,114,SS,2431,6EX,200,2024
ILOP/New,114,RR2,1782,6EX,110,2024
ILOP,117,3110 VIP,1740,6EX,155,2024
ILOP,117,CONV,1526,6EX,301,2024
New,116,5222 EZ-DV,2182,6EX,771,2024
New,91,5222 EZ-DV,2297,6EX,588,2024
New,91,3110 VIP,2471,6EX,1147,2024
New,89,CONV,2061,6EX,2582,2024
New,89,3120 EZ-AA,2204,6EX,1256,2024
New,89,5122 EZ-D,2058,6EX,2810,2024
ILOP/New,95,5222 EZ-DV,2206,6EX,1614,2024
New,103,5222 EZ-DV,2291,6EX,1580,2024
New,118,CONV,2454,6EX,502,2024
New,118,5333 EZ-DVZ,2464,6EX,299,2024
New,118,3220 EZ-V,2458,6EX,776,2024
ILOP,111,CONV,2276,6EX,628,2024
New,111,3120 EZ-AA,2179,6EX,1661,2024
ILOP,111,5122 EZ-D,2178,6EX,1900,2024
New,107,5122 EZ-D,2466,6EX,783,2024
ILOP,116,5222 EZ-DV,2181,6EX,725,2024
New,109,3120 EZ-AA,2459,6EX,1051,2024
ILOP/New,101,CONV,2292,6EX,2626,2024
New,101,PCE,2293,6EX,806,2024
New,105,3120 EZ-AA,2472,6EX,724,2024
ILOP/New,105,5122 EZ-D,2288,6EX,3632,2024
New,114,3120 EZ-AA,2296,6EX,2510,2024
ILOP/New,114,5122 EZ-D,2056,6EX,3464,2024
ILOP,93,5222 EZ-DV,2289,6EX,250,2024
New,93,3220 EZ-V,2210,6EX,648,2024
New,93,3110 VIP,1873,6EX,984,2024
New,102,PCE,2435,6EX,300,2024
NEW,,CONV,2455,6EX,256,2024
New,112,PCE,2316,6EX,610,2024
ILOP,96,PCE,2332,6EX,40,2024
New,110,CONV,2439,6EX,834,2024
New,110,PCE,2311,6EX,1000,2024
New,108,CONV,2517,6EX,50,2024
New,113,PCE,2411,6EX,19,2024
New,95,CONV,2285,6EX,1721,2024
New,95,GT,2468,6EX,509,2024
New,95,3220 EZ-V,2457,6EX,333,2024
New,95,5222 EZ-DV,2463,6EX,658,2024
ILOP,109,CONV,2187,6EX,1177,2024
New,104,CONV,2282,6EX,2935,2024
New,110,CONV,2453,6EX,253,2024
ILOP/New,107,CONV,2300,6EX,500,2024
New,110,PCE,2443,6EX,204,2024
ILOP,107,PCE,2286,6EX,312,2024
ILOP/New,109,PCE,2330,6EX,48,2024
New,114,CONV,2519,6EX,21,2024
New,85,PCE,2532,7A,500,2024
New,91,5222 EZ-DV,2297,8C,304,2024
New,89,CONV,2061,8C,503,2024
New,89,3120 EZ-AA,2204,8C,256,2024
New,89,5122 EZ-D,2058,8C,400,2024
New,109,3120 EZ-AA,2459,8C,107,2024
ILOP/New,105,5122 EZ-D,2288,8C,187,2024
ILOP/New,114,5122 EZ-D,2056,8C,401,2024
New,105,PCE,2417,8C,207,2024
New,110,PCE,2311,8C,306,2024
New,108,SS/ASR/RHS,2063,8C,501,2024
New,95,CONV,2285,8C,379,2024
New,95,GT,2468,8C,128,2024
New,95,3220 EZ-V,2457,8C,220,2024
ILOP,100,VT2P/DG/ASR,2283,8C,630,2024
ILOP,104,SS/ASR/RHS,2281,8C,497,2024
ILOP,112,CONV,1815,8C,113,2024
ILOP,118,SS,1651,8C,431,2024
ILOP,110,CONV,2189,11C,166,2024
ILOP,109,CONV,2187,11C,2204,2024
ILOP,107,PCE,2286,11C,613,2024
NEW,,CONV,2455,10D,140,2024
ILOP,111,PCE,2218,10D,63,2024
New,105,VT2P/RHS/ASR,2064,10D,130,2024
ILOP,100,VT2P/DG/ASR,2283,10D,126,2024
New,115,VT2P/RHS/ASR,2328,17EX,1459,2024
New,119,TRE/ASR/RHS,2287,17EX,2580,2024
New,119,VT2P/RHS/ASR,2545,17EX,653,2024
New,114,VT2P/RHS/ASR,2415,17EX,765,2024
New,114,CONV,2447,17EX,59,2024
ILOP/New,114,RR2,1782,17EX,903,2024
New,116,VT2P/RHS/ASR,2456,17EX,496,2024
New,114,TRE/ASR/RHS,2428,17EX,347,2024
New,116,TRE/ASR/RHS,2460,17EX,509,2024
ILOP/New,115,PCE,2262,17EX,208,2024
ILOP,117,RR2,2083,17EX,251,2024
New,115,VT2P/RHS/ASR,2438,17EX,110,2024
New,114,VT2P/RHS/ASR,2415,18E,307,2024
New,114,CONV,2447,18E,675,2024
NEW,,CONV,2455,18E,304,2024
New,112,PCE,2316,18E,100,2024
ILOP/New,115,CONV,2213,18E,252,2024
New,115,VT2P/RHS/ASR,2438,18E,205,2024
New,118,VT2P/RHS/ASR,2054,18E,XXX,2024
ILOP,116,3220 EZ-V,1716,20B, ,2024
New,112,PCE,2316,20B,1370,2024
New,113,VT2P/RHS/ASR,2484,20B,1116,2024
ILOP/New,113,TRE/ASR/RHS,2068,22DX,732,2024
New,103,5222 EZ-DV,2291,22DX,1001,2024
ILOP,115,5222 EZ-DV,2193,22DX,659,2024
ILOP/New,114,5122 EZ-D,2056,22DX,297,2024
ILOP,93,5222 EZ-DV,2289,22DX,343,2024
ILOP,96,PCE,2332,22DX,498,2024
New,106,CONV,2314,22DX,300,2024
New,106,PCE,2320,22DX,254,2024
New,95,5222 EZ-DV,2463,22DX,583,2024
ILOP,104,SS/ASR/RHS,2281,22DX,70,2024
ILOP/New,115,PCE,2262,22DX,122,2024
New,,TRE/ASR/RHS,2543,22DX,165,2024
ILOP,105,VT2P,2163,22DX,417,2024
New,115,TRE/ASR/RHS,2177,28C,900,2024
ILOP/New,113,TRE/ASR/RHS,2068,28C,152,2024
ILOP,114,CONV,1250,28C,1000,2024
New,113,SS/PRO/RHS,2429,28C,549,2024
New,114,SS/ASR,1810,28C,129,2024
New,114,CONV,2447,28C,1007,2024
New,113,CONV/ASR,1864,28C,384,2024
New,112,PCE,2316,28C,20,2024
New,115,VT2P/RHS/ASR,2461,28C,392,2024
New,114,TRE/ASR/RHS,2428,28C,512,2024
New,110,CONV,2453,28C,808,2024
New,119,TRE/ASR/RHS,2287,29E,80,2024
New,116,5222 EZ-DV,2182,29E,400,2024
ILOP,108,5122 EZ-D,1861,29E,270,2024
ILOP,111,5122 EZ-D,2178,29E,407,2024
New,101,PCE,2293,29E,400,2024
ILOP/New,114,5122 EZ-D,2056,29E,2134,2024
New,113,PCE,2411,29E,200,2024
New,112,VT2P/RHS/ASR,2303,29E,201,2024
ILOP,113,VT2P/ASR,1515,29E,26,2024
New,95,CONV,2285,29E,93,2024
New,95,5222 EZ-DV,2463,29E,102,2024
New,104,CONV,2282,29E,301,2024
ILOP,109,CONV,2329,29E,240,2024
ILOP/New,109,PCE,2330,29E,799,2024
ILOP/New,115,CONV,2213,29E,150,2024
New,115,CONV,2450,30EX,300,2024
ILOP,114,CONV,1250,30EX,231,2024
New,119,VT2P/RHS/ASR,2545,30EX,1285,2024
New,114,CONV,2447,30EX,697,2024
New,113,CONV/ASR,1864,30EX,120,2024
ILOP/New,114,SS,2431,30EX,360,2024
ILOP/New,114,RR2,1782,30EX,425,2024
ILOP/New,114,VT2P,1881,30EX,1811,2024
ILOP,117,5222 EZ-DV,2180,30EX,1454,2024
ILOP,108,5122 EZ-D,1861,30EX,424,2024
ILOP,109,5222 EZ-DV,2208,30EX,200,2024
New,,GT/LL,2257,30EX,820,2024
ILOP,108,5222 EZ-DV,1863,30EX,144,2024
New,118,5333 EZ-DVZ,2464,30EX,996,2024
New,111,3120 EZ-AA,2179,30EX,831.07,2024
ILOP,111,5122 EZ-D,2178,30EX,508,2024
ILOP/New,111,3220 EZ-V,2308,30EX,812,2024
ILOP,116,5222 EZ-DV,2181,30EX,784,2024
ILOP,116,3220 EZ-V,2202,30EX,70,2024
New,114,3120 EZ-AA,2444,30EX,302,2024
New,102,PCE,2435,30EX,100,2024
New,112,PCE,2316,30EX,800,2024
ILOP,96,PCE,2332,30EX,124,2024
New,105,PCE,2417,30EX,644,2024
ILOP,111,PCE,2218,30EX,245,2024
New,108,CONV,2517,30EX,391,2024
New,113,CONV,2516,30EX,554,2024
New,113,PCE,2411,30EX,2010,2024
ILOP,112,CONV,2333,30EX,1,2024
ILOP,,SS/ASR,2620,30EX,326,2024
ILOP,,CONV/ASR,1588,30EX,1,2024
New,110,SS/ASR/RHS,1862,30EX,300,2024
New,109,SS/PRO/RHS,2442,30EX,502,2024
NEW,115,VT2P/RHS/ASR,2480,30EX,188,2024
New,116,TRE/ASR/RHS,2460,30EX,588,2024
ILOP,99,VT2P/DG,2073,30EX,1450,2024
New,95,3220 EZ-V,2457,30EX,1324,2024
ILOP,100,VT2P/DG/ASR,2283,30EX,1866,2024
New,110,CONV,2486,30EX,154,2024
ILOP,109,CONV,2329,30EX,884,2024
ILOP,114,PCE,2280,30EX,81,2024
New,114,CONV,2519,30EX,120,2024
ILOP/New,114,PCE,2307,30EX,520,2024
ILOP/New,115,CONV,2213,30EX,384,2024
New,111,VT2P/RHS/ASR,2469,30EX,200,2024
ILOP/New,115,VT2P/RHS/ASR,2302,30EX,500,2024
New,115,VT2P/RHS/ASR,2438,30EX,40,2024
ILOP,105,VT2P,2163,30EX,1175,2024
ILOP,96,PCE,2332,38C,26,2024
New,118,PCE,2523,38C,40,2024
SE,115,CONV/ASR,2437,14AX,2299,2024
SE,117,RR2,2434,14AX,3470,2024
SE,117,CONV,2433,14AX,3694,2024
ILOP/New,114,RR2,1782,14AX,3018,2024
ILOP,114,VT2P/DG,1345,39EX,120,2024
New,115,TRE/ASR/RHS,2177,39EX,5882,2024
New,115,CONV,2450,39EX,1990,2024
ILOP/New,113,TRE/ASR/RHS,2068,39EX,365,2024
ILOP,107,SS/PRO/RHS,2301,39EX,52,2024
New,113,SS/PRO/RHS,2429,39EX,1695,2024
New,114,SS/ASR,1810,39EX,1312,2024
New,114,VT2P/RHS/ASR,2415,39EX,4792,2024
New,114,VT2P/RHS/ASR,1720,39EX,1466,2024
New,114,CONV,2447,39EX,420,2024
New,113,CONV/ASR,1864,39EX,1496,2024
ILOP,110,RR2/ASR,1611,39EX,89,2024
ILOP,110,VT2P/ASR,1516,39EX,334,2024
ILOP,110,SS/ASR/RHS,1594,39EX,199,2024
ILOP,,CONV/ASR,1610,39EX,406,2024
ILOP/New,114,RR2,1782,39EX,g,2024
New,113,VT2P/DG,1722,39EX,291,2024
ILOP,111,CONV,2276,39EX,581,2024
ILOP,111,5122 EZ-D,2178,39EX,202,2024
ILOP/New,111,3220 EZ-V,2308,39EX,1205,2024
New,114,3120 EZ-AA,2444,39EX,298,2024
New,112,PCE,2316,39EX,657,2024
ILOP,96,PCE,2332,39EX,203,2024
New,110,CONV,2439,39EX,802,2024
New,110,PCE,2311,39EX,506,2024
ILOP,111,PCE,2218,39EX,3477,2024
New,113,CONV,2516,39EX,443,2024
New,106,CONV,2314,39EX,1895,2024
New,113,PCE,2411,39EX,1465,2024
New,106,PCE,2320,39EX,1601,2024
New,112,TRE/ASR/RHS,1806,39EX,380,2024
ILOP,112,SS/ASR/RHS,1811,39EX,296,2024
New,112,VT2P/RHS/ASR,2303,39EX,179,2024
New,109,TRE/ASR/RHS,3029,39EX,547,2024
ILOP,,SS/ASR,2620,39EX,131,2024
ILOP,113,VT2P/ASR,1515,39EX,132,2024
ILOP,110,VT2P/RHS/ASR,1809,39EX,50,2024
New,110,SS/ASR/RHS,1862,39EX,1282,2024
New,109,SS/PRO/RHS,2442,39EX,625,2024
ILOP,93,VT2P/ASR,2165,39EX,102,2024
ILOP,100,VT2P/DG/ASR,2283,39EX,981,2024
ILOP,104,SS/ASR/RHS,2281,39EX,248,2024
New,,PCE,2540,39EX,332,2024
New,104,CONV,2282,39EX,1668,2024
New,104,PCE,2274,39EX,570,2024
New,110,CONV,2453,39EX,1270,2024
New,110,PCE,2443,39EX,1949,2024
ILOP/New,115,CONV,2213,39EX,179,2024
New,112,CONV,1246,39EX,1719,2024
New,111,TRE/ASR/RHS,2079,39EX,159,2024
ILOP,114,SS/ASR/RHS,2185,39EX,127,2024
New,115,VT2P/RHS/ASR,2438,39EX,1941,2024
New,,SS/PRO/RHS,2414,39EX,653,2024
New,114,VT2P/RHS/ASR,2070,41D,78,2024
ILOP/New,113,TRE/ASR/RHS,2068,41D,500,2024
ILOP,114,RR2,1221,41D,95,2024
New,114,CONV,2447,41D,159,2024
ILOP,110,RR2/ASR,1611,41D,60,2024
ILOP,108,VT2P,1735,41D,50,2024
NEW,,CONV,2455,41D,249,2024
New,112,PCE,2316,41D,683,2024
New,110,CONV,2439,41D,400,2024
New,110,PCE,2311,41D,400,2024
ILOP,111,PCE,2218,41D,389,2024
New,108,CONV,2517,41D,326,2024
New,113,CONV,2516,41D,220,2024
ILOP,112,CONV,2333,41D,265,2024
ILOP,113,VT2P/ASR,1515,41D,18,2024
ILOP,110,VT2P/RHS/ASR,1809,41D,200,2024
New,109,SS/PRO/RHS,2442,41D,195,2024
New,115,VT2P/RHS/ASR,2461,41D,200,2024
New,114,TRE/ASR/RHS,2428,41D,423,2024
New,110,PCE,2487,41D,170,2024
New,110,CONV,2453,41D,561,2024
ILOP/New,107,CONV,2300,41D,305,2024
ILOP,114,CONV,2284,41D,100,2024
New,110,PCE,2443,41D,418,2024
ILOP,107,PCE,2286,41D,86,2024
New,115,VT2P/RHS/ASR,2438,41D,240,2024
ILOP,108,SS,1805,41D,10,2024
ILOP/New,113,TRE/ASR/RHS,2068,43DX,8433,2024
New,119,TRE/ASR/RHS,2287,43DX,10573,2024
New,119,VT2P/RHS/ASR,2545,43DX,1875,2024
New,114,VT2P/RHS/ASR,2415,43DX,1950,2024
ILOP/New,114,SS,2431,43DX,1475,2024
ILOP/New,114,RR2,1782,43DX,2408,2024
ILOP/New,114,VT2P,1881,43DX,4461,2024
SE,116,TRE/ASR/RHS,2432,43DX,5776,2024
New,114,TRE/ASR/RHS,2428,43DX,50,2024
New,118,RR2/ASR,2430,43DX,850,2024
ILOP,112,5222 EZ-DV,1869,44CX,297,2024
ILOP/New,111,3220 EZ-V,2308,44CX,800,2024
ILOP,116,5222 EZ-DV,2181,44CX,261,2024
New,102,PCE,2435,44CX,3951,2024
New,110,CONV,2439,44CX,1400,2024
New,110,PCE,2311,44CX,6799,2024
ILOP/New,108,PCE,2200,44CX,4817,2024
ILOP,112,CONV,2333,44CX,243,2024
New,108,SS/ASR/RHS,2063,44CX,741,2024
New,112,SS/ASR/RHS,2436,44CX,1839,2024
New,109,VT2P/RHS/ASR,2075,44CX,2703,2024
New,110,SS/ASR/RHS,2334,45B,150,2024
New,110,SS/ASR/RHS,1862,45B,152,2024
New,109,SS/PRO/RHS,2442,45B,291,2024
ILOP,114,SS/ASR/RHS,2185,45B,151,2024
ILOP,114,RR2,1221,49D,131,2024
ILOP,114,CONV,1250,49D,250,2024
New,113,CONV/ASR,1864,49D,200,2024
NEW,,CONV,2455,49D,294,2024
New,113,CONV,2516,49D,200,2024
New,113,PCE,2411,49D,139,2024
ILOP/New,115,PCE,2262,49D,219,2024
New,103,5222 EZ-DV,2291,53D,1015,2024
New,118,CONV,2454,53D,459,2024
ILOP,111,5122 EZ-D,2178,53D,1957,2024
ILOP,116,5222 EZ-DV,2181,53D,500,2024
ILOP,116,3220 EZ-V,2202,53D,240,2024
ILOP,115,5222 EZ-DV,2193,53D,145,2024
ILOP,96,PCE,2332,53D,156,2024
New,112,VT2P/RHS/ASR,2303,53D,200,2024
ILOP,110,VT2P,2078,53D,124,2024
ILOP/New,114,SS,2431,52A,807,2024
New,95,5222 EZ-DV,2463,52A,43,2024
New,115,VT2P/RHS/ASR,2438,52A,150,2024
New,114,CONV,2447,55E,377,2024
ILOP/New,114,RR2,1782,55E,700,2024
ILOP/New,111,3220 EZ-V,2308,55E,555,2024
New,114,3120 EZ-AA,2444,55E,530,2024
ILOP,96,PCE,2332,55E,456,2024
ILOP,111,PCE,2218,55E,153,2024
New,109,SS/PRO/RHS,2442,55E,286,2024
New,115,VT2P/RHS/ASR,2438,55E,350,2024
New,107,RR2/ASR,1781,55E,130,2024
New,114,CONV,2188,3B,616,2024
New,110,CONV,2453,3B,503,2024
New,114,CONV,2519,3B,498,2024
ILOP/New,115,CONV,2213,3B,433,2024
ILOP/New,115,PCE,2262,3B,608,2024
New,116,SS/ASR/RHS,2520,7A.1,1174,2024
New,112,VT2P/RHS/ASR,2303,7A.1,1007,2024
New,115,SS/ASR/RHS,2524,7A.1,390,2024
New,112,SS/ASR/RHS,2436,7A.1,1416,2024
New,118,PCE,2523,7A.1,1669,2024
ILOP/New,115,VT2P/RHS/ASR,2302,7A.1,918,2024
New,118,VT2P/RHS/ASR,2054,7A.1,971,2024
NEW,,CONV,2455,12A,885,2024
New,113,CONV,2516,12A,423,2024
New,114,VT2P/RHS/ASR,2070,13B,105,2024
ILOP,114,CONV,1250,13B,64,2024
New,114,VT2P/RHS/ASR,1720,13B,212,2024
New,115,VT2P/ASR,1363,13B,550,2024
ILOP,,CONV/ASR,1519,13B,254,2024
ILOP/New,111,3220 EZ-V,2308,13B,165,2024
ILOP,111,PCE,2218,13B,641,2024
New,108,CONV,2517,13B,50,2024
ILOP/New,108,PCE,2200,13B,153,2024
New,113,PCE,2411,13B,99,2024
ILOP,,VT2P/DG,1882,13B,179,2024
ILOP,112,SS/ASR/RHS,1811,13B,104,2024
ILOP,113,SS/ASR,1518,13B,36,2024
ILOP,113,VT2P/ASR,1515,13B,47,2024
New,108,SS/ASR/RHS,2063,13B,102,2024
New,110,CONV,2453,13B,200,2024
ILOP,114,CONV,2284,13B,133,2024
New,110,PCE,2443,13B,253,2024
ILOP,107,PCE,2286,13B,271,2024
New,114,CONV,2519,13B,150,2024
ILOP/New,114,PCE,2307,13B,222,2024
ILOP/New,115,CONV,2213,13B,206,2024
ILOP/New,115,PCE,2262,13B,200,2024
ILOP,104,VT2P/RHS/ASR,1812,17EX.1,77,2024
New,115,VT2P/RHS/ASR,2328,17EX.1,751,2024
ILOP/New,113,TRE/ASR/RHS,2068,17EX.1,2036,2024
New,119,TRE/ASR/RHS,2287,17EX.1,2005,2024
New,119,VT2P/RHS/ASR,2545,17EX.1,1102,2024
ILOP/New,114,SS,2431,17EX.1,100,2024
ILOP/New,114,VT2P,1881,17EX.1,5896,2024
New,115,VT2P/ASR,1363,17EX.1,249,2024
New,116,CONV,2452,17EX.1,223,2024
New,114,TRE/ASR/RHS,2428,17EX.1,1025,2024
New,116,TRE/ASR/RHS,2460,17EX.1,600,2024
ILOP,114,RR2,1121,19DX,20,2024
ILOP,114,VT2P,1120,19DX,16,2024
New,114,VT2P/RHS/ASR,2070,19DX,13,2024
ILOP,114,RR2,1221,19DX,20,2024
ILOP,114,CONV,1250,19DX,15,2024
ILOP,107,SS/PRO/RHS,2301,19DX,151,2024
New,113,SS/PRO/RHS,2429,19DX,1,2024
New,119,TRE/ASR/RHS,2287,19DX,7,2024
New,115,VT2P/RHS/ASR,2515,19DX,925,2024
New,114,VT2P/RHS/ASR,2415,19DX,753,2024
ILOP/New,114,SS,2431,19DX,108,2024
ILOP/New,114,VT2P,1881,19DX,3293,2024
ILOP/New,115,RR2/ASR,1825,19DX,331,2024
New,115,VT2P/ASR,1363,19DX,432,2024
New,113,VT2P/DG,1722,19DX,693,2024
ILOP,114,3010,2194,19DX,120,2024
NEW,,CONV,2455,19DX,254,2024
ILOP/New,108,PCE,2200,19DX,690,2024
New,116,VT2P/ASR,1514,19DX,722,2024
ILOP,,CONV/ASR,1588,19DX,45,2024
NEW,115,VT2P/RHS/ASR,2480,19DX,146,2024
New,116,VT2P/RHS/ASR,2456,19DX,1373,2024
New,116,CONV,2452,19DX,471,2024
New,114,TRE/ASR/RHS,2428,19DX,212,2024
New,116,TRE/ASR/RHS,2460,19DX,1099,2024
New,110,CONV,2453,19DX,240,2024
ILOP,114,CONV,2284,19DX,40,2024
New,110,PCE,2443,19DX,299,2024
ILOP,,PCE,2626,19DX,24,2024
ILOP/New,113,TRE/ASR/RHS,2068,26B,821,2024
New,105,TRE/ASR/RHS,2183,26B,211,2024
New,119,TRE/ASR/RHS,2287,26B,431,2024
New,,TRE/ASR/RHS,2541,26B,686,2024
New,113,PCE,2411,26B,500,2024
ILOP/New,109,PCE,2330,26B,427,2024
New,114,CONV,2519,26B,98,2024
ILOP/New,114,PCE,2307,26B,912,2024
New,111,VT2P/RHS/ASR,2469,26B,405,2024
New,,5222 EZ-DV,2542,26B,427,2024
ILOP,,3110 VIP,2633,26B,288,2024
New,,TRE/ASR/RHS,2543,26B,353,2024
ILOP,108,CONV/ASR,1856,26B,167,2024
New,114,VT2P/RHS/ASR,2070,27A,1000,2024
ILOP,114,RR2,1221,27A,25,2024
ILOP,110,RR2/ASR,1611,27A,50,2024
New,113,PCE,2411,27A,14,2024
New,116,VT2P/ASR,1514,27A,477,2024
ILOP,113,VT2P/ASR,1515,27A,438,2024
New,112,CONV,1246,27A,825,2024
New,110,SS/ASR/RHS,2334,34B,1200,2024
ILOP/New,114,SS,2431,34B,422,2024
ILOP/New,114,VT2P,1881,34B,251,2024
New,111,SS/PRO/RHS,2539,34B,477,2024
New,113,SS/PRO/RHS,2449,34B,1562,2024
New,113,VT2P/DG,1722,34B,1958,2024
ILOP,95,RR2,2152,34B,83,2024
ILOP,112,SS/ASR/RHS,1811,34B,390,2024
New,110,SS/ASR/RHS,2446,34B,749,2024
New,108,SS/ASR/RHS,2063,34B,398,2024
New,116,TRE/ASR/RHS,2460,34B,514,2024
New,105,TRE/ASR/RHS,2183,32BX,3149,2024
ILOP/New,114,VT2P,1881,32BX,2043,2024
New,115,VT2P/ASR,1363,32BX,755,2024
ILOP,115,VT2P,2522,32BX,440,2024
SE,116,TRE/ASR/RHS,2432,32BX,3144,2024
New,114,TRE/ASR/RHS,2428,32BX,150,2024
New,,PCE,2540,32BX,1049,2024
ILOP/New,114,PCE,2307,32BX,4786,2024
New,115,VT2P/RHS/ASR,2438,32BX,2390,2024
New,116,SS/ASR/RHS,2520,50A,472,2024
New,115,RR2/LL,2019,24EX,70,2024
ILOP,112,RR2/LL,2153,24EX,75,2024
ILOP,110,RR2/ASR,1611,24EX,310,2024
ILOP/New,114,RR2,1782,24EX,2500,2024
Purchase,,RR2/LL,2518,24EX,70,2024
ILOP/New,115,RR2/ASR,1825,24EX,800,2024
New,91,GT/LL,2491,24EX,310,2024
New,,GT/LL,2257,24EX,135,2024
New,,GT/LL,2492,24EX,600,2024
Purchase,,GT/LL,2488,24EX,125,2024
New,110,RR2/LL,2031,24EX,1259,2024
Purchase,,GT/LL,2490,24EX,265,2024
ILOP,111,RR2/LL,1395,24EX,65,2024
ILOP,111,RR2,1128,24EX,35,2024
New,107,RR2/ASR,1781,24EX,780,2024
Purchase,,IRC/LRE,2451,24EX,200,2024
Purchase,,IRC/LRE,2448,24EX,190,2024
Purchase,,IRC/LRE,2462,24EX,65,2024
Purchase,,IRC/LRE,2397,24EX,30,2024
ILOP,,IRC/LRE,2394,24EX,26,2024
ILOP,95,RR2,2152,15D,6,2024
ILOP,95,VT2P,1706,15D,100,2024
ILOP,111,PCE,2218,48B,234,2024
New,114,VT2P,1881,1E,450,2025
New,110,CONV,2486,1E,450,2025
ILOP/New,115,VT2P/RHS/ASR,2461,1E,300,2025
New,111,V,2308,1E,240,2025
New,98,CONV,2769,1E,120,2025
New,115,TRE/ASR/RHS,2177,1E,700,2025
ILOP,110,PWE,2487,1E,900,2025
ILOP/New,111,PWE,2218,1E,900,2025
New,114,PWE,2738,1E,450,2025
New,98,PWE,2747,1E,120,2025
New,115,CONV,2213,3B,600,2025
ILOP/New,110,CONV,2453,3B,600,2025
New,110,PWE,2443,3B,600,2025
New,106,CONV,2314,4EX,1000,2025
New,110,CONV,2439,4EX,1200,2025
New,106,PWE,2320,4EX,5000,2025
New,112,PWE,2316,4EX,3000,2025
New,110,PWE,2311,4EX,5000,2025
New,112,CONV,2455,4EX,800,2025
New,112,AA,2754,6EX,600,2025
New,95,DV,2206,6EX,1800,2025
ILOP,118,CONV,2454,6EX,101,2025
ILOP,107,CONV,2300,6EX,106,2025
ILOP,113,VT2P/ASR,1515,6EX,200,2025
ILOP,112,V,1871,6EX,336,2025
ILOP,,VT2P/ASR,1514,6EX,389,2025
Refuge,110,RR2/ASR,1611,6EX,50,2025
ILOP,118,V,2458,6EX,572,2025
ILOP/New,114,D,2056,6EX,3900,2025
New,95,DV,2463,6EX,1095,2025
ILOP,111,AA,2179,6EX,700,2025
New,114,TRE/ASR/RHS,2428,6EX,1400,2025
New,114,VT2P,1881,6EX,750,2025
New,109,AA,2459,6EX,800,2025
New,112,V,2756,6EX,500,2025
ILOP,116,V,2202,6EX,1250,2025
ILOP/New,114,AA,2296,6EX,3100,2025
ILOP,107,PWE,2286,6EX,350,2025
New,103,DV,2291,6EX,1515,2025
New,110,V,2793,6EX,800,2025
New,105,D,2288,6EX,1600,2025
ILOP/New,101,CONV,2292,6EX,900,2025
New,99,PWE,2702,6EX,400,2025
New,102,CONV,2686,6EX,850,2025
New,95,CONV,2285,6EX,2200,2025
New,111,D,2178,6EX,520,2025
New,96,PWE,2332,6EX,775,2025
New,104,PWE,2274,6EX,800,2025
ILOP/New,114,AA,2444,6EX,2000,2025
New,109,CONV,2187,6EX,850,2025
New,99,CONV,2733,6EX,700,2025
New,108,CONV,2732,6EX,525,2025
ILOP/New,104,CONV,2282,6EX,1250,2025
New,113,CONV,2516,6EX,1000,2025
New,111,V,2308,6EX,1600,2025
New,112,VT2P/RHS/ASR,2440,6EX,1000,2025
New,108,PWE,2417,6EX,600,2025
New,89,AA,2204,6EX,1220,2025
New,104,DV,2758,6EX,500,2025
New,115,TRE/ASR/RHS,2177,6EX,800,2025
New,89,CONV,2061,6EX,1670,2025
New,102,D,2761,6EX,200,2025
New,108,D,2753,6EX,1500,2025
New,110,CONV,2439,6EX,1200,2025
ILOP/New,113,PWE,2411,6EX,1000,2025
ILOP/New,111,PWE,2218,6EX,500,2025
New,95,GT,2468,6EX,1325,2025
New,89,D,2058,6EX,1850,2025
New,112,PWE,2316,6EX,600,2025
ILOP/New,102,PWE,2435,6EX,650,2025
Refuge/New,114,RR2,1782,6EX,750,2025
New,112,TRE/ASR/RHS,2422,6EX,2000,2025
New,,CONV,376,6EX,-400,2025
New,111,CONV,2276,6EX,-180,2025
New,91,CONV,2709,8C,200,2025
New,105,D,2288,8C,300,2025
New,95,CONV,2285,8C,100,2025
ILOP/New,114,AA,2444,8C,200,2025
New,89,AA,2204,8C,200,2025
New,95,GT,2468,8C,250,2025
ILOP,,PWE,2613,8C,100,2025
New,102,V,2710,8C,200,2025
ILOP,117,SS/ASR/RHS,2623,8C,200,2025
New,110,PWE,2311,8C,300,2025
New,,CONV,376,8C,400,2025
New,104,CONV,2745,11C,600,2025
New,104,DV,2758,11C,400,2025
ILOP,113,VT2P/ASR,1515,13B,150,2025
New,104,CONV,2745,13B,100,2025
ILOP,107,PWE,2286,13B,100,2025
New,115,CONV,1519,13B,200,2025
New,,PWE,2540,13B,100,2025
New,115,CONV,2213,13B,500,2025
New,111,D,2178,13B,200,2025
ILOP/New,110,CONV,2453,13B,100,2025
New,115,VT2P/ASR,1363,13B,500,2025
New,115,PWE,2262,13B,150,2025
ILOP,114,VT2P/RHS/ASR,1720,13B,50,2025
New,114,CONV,2519,13B,200,2025
New,108,PWE,2417,13B,1,2025
New,114,PWE,2307,13B,250,2025
ILOP/New,113,PWE,2411,13B,50,2025
New,110,PWE,2443,13B,400,2025
ILOP/New,111,PWE,2218,13B,300,2025
ILOP,112,SS/ASR/RHS,1811,13B,100,2025
ILOP,113,SS/ASR,1518,13B,60,2025
New,112,PWE,2316,13B,250,2025
New,112,CONV,2455,13B,150,2025
New,108,SS/ASR/RHS,2063,13B,200,2025
SE,,TRE/ASR/RHS,2749,14AX,4000,2025
SE,117,CONV,2433,14AX,5000,2025
SE,117,RR2,2434,14AX,7000,2025
New,,SS/ASR,2750,14AX,2500,2025
SE,,SS/ASR/RHS,2751,14AX,3000,2025
New,,VT2P/RHS/ASR,2467,14AX,2000,2025
New,,VT2P/DG,2072,14AX,2000,2025
New,,VT2P,1605,14AX,1200,2025
Refuge/New,114,RR2,1782,14AX,8000,2025
ILOP/New,116,VT2P/RHS/ASR,2456,17EX,150,2025
New,115,VT2P/RHS/ASR,2328,17EX,2160,2025
New,114,TRE/ASR/RHS,2428,17EX,4700,2025
New,114,VT2P,1881,17EX,5000,2025
New,116,TRE/ASR/RHS,2460,17EX,800,2025
New,114,CONV,2447,17EX,250,2025
New,115,VT2P/ASR,1363,17EX,400,2025
New,116,CONV,2452,17EX,500,2025
New,,VT2P/RHS/ASR,2470,17EX,350,2025
ILOP/New,113,TRE/ASR/RHS,2068,17EX,1700,2025
New,119,VT2P/RHS/ASR,2545,17EX,3000,2025
New,114,TRE/ASR/RHS,2743,17EX,200,2025
Refuge/New,114,RR2,1782,17EX,1200,2025
New,112,TRE/ASR/RHS,2422,17EX,350,2025
New,119,TRE/ASR/RHS,2287,17EX,9000,2025
New,114,CONV,2447,18E,400,2025
New,115,CONV,2213,18E,200,2025
New,115,VT2P/RHS/ASR,2438,18E,100,2025
New,112,PWE,2316,18E,150,2025
New,112,CONV,2455,18E,200,2025
New,117,TRE/ASR/RHS,2736,19DX,600,2025
ILOP/New,116,VT2P/RHS/ASR,2456,19DX,1000,2025
New,115,VT2P/RHS/ASR,2515,19DX,500,2025
New,118,PWE,2523,19DX,500,2025
New,116,SS/PRO/RHS,2752,19DX,200,2025
New,107,SS/PRO/RHS,2301,19DX,200,2025
New,115,VT2P/ASR,1363,19DX,400,2025
New,116,CONV,2452,19DX,300,2025
New,112,VT4P,2744,19DX,200,2025
New,113,SS/PRO/RHS,2429,19DX,200,2025
New,114,TRE/ASR/RHS,2743,19DX,1000,2025
Refuge/New,114,RR2,1782,19DX,500,2025
New,119,TRE/ASR/RHS,2287,19DX,1200,2025
New,,PWE,2200,19DX,400,2025
New,110,V,2793,22DX,200,2025
ILOP,109,DV,2208,22DX,241,2025
New,95,GT,2468,22DX,400,2025
New,115,CONV,2450,28C,120,2025
New,114,TRE/ASR/RHS,2428,28C,600,2025
ILOP/New,115,VT2P/RHS/ASR,2461,28C,600,2025
New,,VT2P/RHS/ASR,2470,28C,250,2025
New,115,TRE/ASR/RHS,2694,28C,200,2025
New,113,SS/PRO/RHS,2429,28C,200,2025
New,112,CONV,2455,28C,150,2025
New,112,TRE/ASR/RHS,2422,28C,800,2025
New,105,TRE/ASR/RHS,2183,26B,300,2025
New,118,PWE,2523,26B,400,2025
New,112,AA,2754,30EX,500,2025
New,102,SS/PRO/RHS,2740,30EX,700,2025
ILOP,118,V,2458,30EX,237,2025
New,115,CONV,2450,30EX,600,2025
New,114,TRE/ASR/RHS,2428,30EX,1120,2025
New,114,VT2P,1881,30EX,1500,2025
New,118,PWE,2523,30EX,400,2025
New,110,V,2793,30EX,200,2025
New,105,D,2288,30EX,50,2025
New,99,PWE,2702,30EX,100,2025
New,96,PWE,2332,30EX,150,2025
New,113,DV,2759,30EX,200,2025
ILOP/New,114,AA,2444,30EX,214,2025
ILOP,95,VT2P,1706,30EX,500,2025
New,113,CONV,2516,30EX,100,2025
New,88,SS/ASR/RHS,2828,30EX,2000,2025
New,112,VT4P,2744,30EX,200,2025
New,115,VT2P/RHS/ASR,2438,30EX,75,2025
New,,VT2P/RHS/ASR,2470,30EX,100,2025
New,113,CONV/ASR,1864,30EX,400,2025
ILOP,110,SS/ASR/RHS,2334,30EX,500,2025
ILOP,111,VT2P/RHS/ASR,2622,30EX,600,2025
ILOP,116,DV,2182,30EX,600,2025
New,102,V,2710,30EX,400,2025
New,119,VT2P/RHS/ASR,2545,30EX,800,2025
New,112,PWE,2316,30EX,400,2025
New,114,PWE,2738,30EX,1220,2025
New,112,CONV,2455,30EX,1100,2025
New,115,CONV,2213,29E,200,2025
New,111,D,2178,29E,300,2025
New,96,PWE,2332,29E,60,2025
New,113,DV,2759,29E,400,2025
New,115,PWE,2262,29E,200,2025
ILOP,110,PWE,2487,29E,310,2025
ILOP,108,D,1861,29E,300,2025
ILOP/New,114,SS,2431,34B,400,2025
New,114,TRE/ASR/RHS,2428,34B,300,2025
New,116,TRE/ASR/RHS,2460,34B,800,2025
New,111,SS/PRO/RHS,2539,34B,600,2025
New,113,SS/PRO/RHS,2449,34B,600,2025
ILOP,113,VT2P/DG,1722,34B,580,2025
New,113,SS/PRO/RHS,2429,34B,400,2025
New,112,TRE/ASR/RHS,2422,34B,600,2025
New,108,SS/ASR/RHS,2063,34B,600,2025
New,,PWE,2540,31A,1800,2025
New,109,VT2P,1608,31A,1000,2025
New,108,VT2P/RHS/ASR,2681,31A,700,2025
ILOP/New,102,PWE,2435,31A,800,2025
New,116,CONV/ASR,2711,32BX,800,2025
New,105,TRE/ASR/RHS,2183,32BX,6000,2025
ILOP/New,114,SS,2431,32BX,1000,2025
New,115,VT2P/RHS/ASR,2515,32BX,3250,2025
ILOP/New,116,TRE/ASR/RHS,2432,32BX,9000,2025
New,114,TRE/ASR/RHS,2428,32BX,4000,2025
New,,PWE,2540,32BX,1500,2025
New,115,PWE,2262,32BX,1000,2025
ILOP,114,VT2P/RHS/ASR,1720,32BX,1208,2025
ILOP,115,VT2P,2522,32BX,750,2025
New,114,PWE,2307,32BX,6000,2025
ILOP/New,113,TRE/ASR/RHS,2068,32BX,4500,2025
New,119,TRE/ASR/RHS,2287,32BX,5500,2025
New,115,VT2P/RHS/ASR,2480,35C,600,2025
New,112,AA,2754,37A,300,2025
New,91,CONV,2709,37A,200,2025
New,109,V,2737,37A,240,2025
New,105,D,2288,37A,300,2025
New,113,CONV,2544,37A,180,2025
New,99,PWE,2702,37A,240,2025
New,91,V,2757,37A,600,2025
New,96,PWE,2332,37A,240,2025
New,113,DV,2759,37A,300,2025
New,104,PWE,2274,37A,240,2025
New,115,PWE,2262,37A,180,2025
New,98,CONV,2769,37A,100,2025
New,102,D,2761,37A,180,2025
ILOP/New,113,PWE,2411,37A,180,2025
New,102,V,2710,37A,240,2025
ILOP/New,,GT/LL,2257,37A,600,2025
New,111,CONV,2276,37A,180,2025
New,114,TRE/ASR/RHS,2428,40AX,1200,2025
New,118,PWE,2523,40AX,500,2025
New,116,TRE/ASR/RHS,2460,40AX,500,2025
New,115,VT2P/ASR,1363,40AX,600,2025
New,,VT2P/RHS/ASR,2470,40AX,1000,2025
New,89,D,2058,40AX,750,2025
Refuge/New,115,RR2/ASR,1825,40AX,700,2025
New,119,TRE/ASR/RHS,2287,40AX,13000,2025
New,102,SS/PRO/RHS,2740,39EX,150,2025
New,115,CONV,2450,39EX,1160,2025
New,,SS/ASR,2750,39EX,100,2025
New,114,TRE/ASR/RHS,2428,39EX,60,2025
New,104,CONV,2745,39EX,600,2025
ILOP,107,PWE,2286,39EX,120,2025
New,109,V,2737,39EX,300,2025
New,114,CONV,2447,39EX,1200,2025
New,,PWE,2540,39EX,700,2025
New,115,CONV,2213,39EX,60,2025
New,96,PWE,2332,39EX,400,2025
New,111,CONV,2485,39EX,750,2025
ILOP/New,110,CONV,2453,39EX,1130,2025
New,104,PWE,2274,39EX,900,2025
ILOP/New,104,CONV,2282,39EX,800,2025
New,113,CONV,2516,39EX,300,2025
New,111,V,2308,39EX,500,2025
New,114,VT2P/RHS/ASR,2415,39EX,3628,2025
New,112,VT4P,2744,39EX,1000,2025
New,115,VT2P/RHS/ASR,2438,39EX,750,2025
New,106,VT4P,2735,39EX,300,2025
New,113,CONV/ASR,1864,39EX,400,2025
New,106,CONV,2314,39EX,3250,2025
New,111,DV,2746,39EX,600,2025
New,110,CONV,2439,39EX,3000,2025
ILOP/New,113,PWE,2411,39EX,300,2025
New,110,PWE,2443,39EX,2830,2025
ILOP/New,111,PWE,2218,39EX,1150,2025
New,110,CONV,2493,39EX,600,2025
New,108,VT2P/RHS/ASR,2681,39EX,500,2025
ILOP/New,113,TRE/ASR/RHS,2068,39EX,120,2025
New,115,TRE/ASR/RHS,2694,39EX,700,2025
New,113,SS/PRO/RHS,2429,39EX,1250,2025
New,106,PWE,2320,39EX,3700,2025
New,112,PWE,2316,39EX,4200,2025
New,114,PWE,2738,39EX,1130,2025
New,112,CONV,2455,39EX,700,2025
New,98,PWE,2747,39EX,200,2025
New,112,TRE/ASR/RHS,2422,39EX,3500,2025
New,112,AA,2754,42A,800,2025
New,112,V,2756,42A,250,2025
New,109,V,2737,42A,800,2025
New,113,DV,2759,42A,1,2025
ILOP/New,114,AA,2444,42A,800,2025
New,111,V,2308,42A,600,2025
New,104,DV,2758,42A,100,2025
New,108,D,2753,42A,350,2025
New,111,DV,2746,42A,200,2025
New,116,CONV/ASR,2711,43DX,700,2025
ILOP/New,114,SS,2431,43DX,800,2025
ILOP/New,116,TRE/ASR/RHS,2432,43DX,14800,2025
New,114,TRE/ASR/RHS,2428,43DX,3700,2025
New,114,VT2P,1881,43DX,2000,2025
New,114,VT2P/RHS/ASR,2415,43DX,3000,2025
ILOP/New,113,TRE/ASR/RHS,2068,43DX,1600,2025
New,115,TRE/ASR/RHS,2694,43DX,200,2025
Refuge/New,114,RR2,1782,43DX,3000,2025
New,119,TRE/ASR/RHS,2287,43DX,16550,2025
New,112,VT2P/RHS/ASR,2604,44CX,2250,2025
New,111,D,2178,44CX,1000,2025
New,113,DV,2759,44CX,1,2025
New,111,V,2308,44CX,3750,2025
New,104,DV,2758,44CX,1,2025
ILOP,,GT/LL,2492,44CX,500,2025
New,112,TRE/ASR/RHS,1806,44CX,2000,2025
New,112,PWE,2316,44CX,6000,2025
New,112,VT4P,2744,45B,150,2025
ILOP,110,SS/ASR/RHS,2334,45B,150,2025
ILOP,114,SS/ASR/RHS,2185,45B,150,2025
New,112,TRE/ASR/RHS,2422,45B,150,2025
New,115,CONV,2213,47A,300,2025
New,113,CONV,2544,49D,400,2025
New,114,PWE,2738,49D,500,2025
New,110,V,2793,53D,75,2025
New,105,D,2288,53D,700,2025
New,99,CONV,2733,53D,250,2025
New,102,V,2710,53D,400,2025
New,112,AA,2754,55E,150,2025
New,102,SS/PRO/RHS,2740,55E,150,2025
New,91,CONV,2709,55E,100,2025
New,91,V,2757,55E,150,2025
New,108,CONV,2732,55E,400,2025
New,108,PWE,2417,55E,400,2025
New,98,CONV,2769,55E,100,2025
New,104,DV,2758,55E,50,2025
New,111,DV,2746,55E,75,2025
New,114,PWE,2738,55E,200,2025
New,98,PWE,2747,55E,300,2025
Refuge/New,114,RR2,1782,55E,500,2025
Refuge/New,115,RR2/ASR,1825,24EX,2500,2025
New,106,PWE,2320,24EX,2000,2025
Refuge/New,114,RR2,1782,24EX,5000,2025
New,110,PWE,2507,24EX,4000,2025
